experiment,feature_set,roc_auc_mean,roc_auc_std,average_precision_mean,average_precision_std,accuracy_mean,accuracy_std,balanced_accuracy_mean,balanced_accuracy_std,precision_gof_mean,precision_gof_std,recall_gof_mean,recall_gof_std,f1_gof_mean,f1_gof_std,macro_f1_mean,macro_f1_std
family_alignment_cid_group_cv,biochem_only,0.5598927246505243,0.07968732364982284,0.4694923759826525,0.06861260056843202,0.5485471087393929,0.05692352185628413,0.5413893450100347,0.060735231645932065,0.43945130458490483,0.06411320729021253,0.5070644043057836,0.11071088943635195,0.46796105183806735,0.07721536537194178,0.5363192085992292,0.05802777004627593
family_alignment_cid_group_cv,delta_site,0.6040896473531941,0.07969969754181162,0.5120643058609097,0.07478630241068801,0.5942616277374391,0.05642108018171906,0.5735135011859149,0.06251424997936948,0.48695231659881905,0.07764891721520481,0.47274128808611565,0.12267899055520576,0.47532209216749755,0.08959591515384611,0.5708473568912943,0.06185181445120072
family_alignment_cid_group_cv,full_site,0.742098852312317,0.064823595475898,0.6668023673109935,0.07866222198216656,0.6898857492782784,0.05495215324049496,0.6769836708629812,0.05960913722682371,0.6119372802760753,0.07744041578315855,0.6144435322021529,0.11747685138943208,0.6076227073305661,0.07954698302063656,0.6743696352221863,0.05878944421806949
family_alignment_cid_group_cv,mutant_site,0.7642853450447867,0.06500760449831468,0.6985605789757714,0.0775017372527454,0.6984613186364563,0.06811423326371378,0.6885030103995621,0.07490732613433018,0.6170923356832525,0.08909959412441586,0.6403393541324576,0.13200511381993518,0.6235710376015414,0.0957630220608003,0.684984027229965,0.07289423531391384
family_alignment_cid_group_cv,wt_mut_site,0.7567505495173803,0.0661461688137237,0.6866895413589337,0.0810756042095001,0.6872523255474878,0.06222262325022632,0.674363711001642,0.0674902722199987,0.6082080932549363,0.08114598494283677,0.611584564860427,0.12083905883251861,0.6047364790547077,0.08365019147577282,0.6720124644279092,0.06506533969650642
family_alignment_cid_group_cv,wt_site,0.7428596515234446,0.06819481416350567,0.6655020603450431,0.08016798198112304,0.6750199749219958,0.06312223206643586,0.6618751140302863,0.0678988119182433,0.5947715792823239,0.0846406443286763,0.5980359423462872,0.13374641346691207,0.5886677577599385,0.09005368243436053,0.6582472782851572,0.06674047191066865
leave_one_gene_out,biochem_only,0.585493134982931,0.14942645831865398,0.6392242252016217,0.23004823438017735,0.5310096948352834,0.11828344677189671,0.5156313074680422,0.1542118711032808,0.5515915321352421,0.22423468394284243,0.5118480725623583,0.11649386758802843,0.5056383640967007,0.15782467546869225,0.5001887207222369,0.1427566478435146
leave_one_gene_out,delta_site,0.6882382073708604,0.11678691631982457,0.7020873303000335,0.2336755834398631,0.6352799449203763,0.06152321686234141,0.6304991776930553,0.07286476458221984,0.6638480567051995,0.267023553773925,0.5433673469387755,0.09994873399452193,0.5749775758623308,0.16486912444222346,0.5995876600071017,0.07762523651095969
leave_one_gene_out,full_site,0.7560339886870499,0.06811186641444221,0.7762732702961065,0.16880677267569402,0.705093586866471,0.050434967826387726,0.6862198175973686,0.06631761496226458,0.6764480617421793,0.23774858548618136,0.6893424036281178,0.09804811408006361,0.6711077413421508,0.1726587379471107,0.666415039145674,0.07215958855069414
leave_one_gene_out,mutant_site,0.7652777777777777,0.04925799956756092,0.7828823478428119,0.14105042130677292,0.7243729729869237,0.04356651915332806,0.6956436420722135,0.05514568175300489,0.6815763061048405,0.22881770845920066,0.719671201814059,0.11137861250383407,0.690559139055123,0.17486569676912891,0.6809405175592508,0.07043231445757522
leave_one_gene_out,wt_mut_site,0.7342207395778824,0.061340677609271005,0.7687170553393505,0.13771393744984162,0.6597567240553881,0.04560170464404442,0.6446895791283547,0.048366187693058636,0.6458844433244132,0.18861492779697506,0.6529478458049887,0.09516831028567684,0.6352928634259333,0.12345259283646813,0.6234710170731939,0.06417025721741063
leave_one_gene_out,wt_site,0.7080894445690363,0.10193116354680384,0.7588205859681432,0.13583498794116522,0.6796528466957789,0.062284632257052615,0.670269243228427,0.0646961034467757,0.6739414553700268,0.2085934798216453,0.670124716553288,0.13622284627475936,0.6513645363726128,0.13808065465393737,0.6444369029073277,0.0830722633411915
random_stratified_cv,biochem_only,0.6110805618543713,0.05997672579792818,0.5033879409534484,0.06106896917747862,0.583296066252588,0.05146889865679111,0.5844179894179894,0.04995828329377612,0.4817505797781807,0.052893129021223166,0.5893121693121693,0.08055573064560102,0.527906032721642,0.05443350940328637,0.5761655679626385,0.05026492511755352
random_stratified_cv,delta_site,0.6957564877802973,0.05479827165390873,0.6064349381815869,0.07167327876393506,0.6497515527950309,0.04907341713617925,0.6408994708994709,0.05176677558937329,0.5559972544684081,0.0579416840126351,0.597989417989418,0.09389836219202441,0.5730359148748455,0.06671361026303868,0.6370590934448143,0.051194268531407565
random_stratified_cv,full_site,0.7880479969765684,0.06577125074331748,0.7286240073009047,0.08610792841502155,0.7258923395445135,0.05794847134252403,0.7224206349206349,0.060149688256814104,0.6439155688684929,0.0748596492982381,0.7057936507936508,0.09646487073377549,0.6703498087091597,0.07096913264464444,0.7171634847458328,0.059398777829841765
random_stratified_cv,mutant_site,0.7963158226253465,0.06508183730592297,0.7438431375694468,0.07958924005933389,0.7290600414078675,0.05965425583200873,0.7248809523809524,0.06126479041143557,0.6502243135565525,0.07760380373418542,0.7045238095238094,0.09992233086222396,0.6724358603714471,0.07258548452094438,0.7198640202636035,0.060953120890758314
random_stratified_cv,wt_mut_site,0.7929491055681532,0.06051198266032747,0.7369254873161027,0.07728466449442056,0.7221573498964803,0.060194830229577424,0.7189550264550264,0.061044652558971076,0.640587184977425,0.07725439474809236,0.7036243386243386,0.09561916483000783,0.6670505643999353,0.0695242089659714,0.7134946982818349,0.06059517825306254
random_stratified_cv,wt_site,0.7836964600655076,0.06233972047258057,0.7212179378277789,0.07868017873043046,0.7140621118012421,0.053946733392469845,0.7086904761904762,0.054409171258137344,0.6335464414798434,0.07296295401454837,0.6830952380952381,0.09016916268174206,0.653706947404487,0.06460624343085355,0.7042019544671984,0.05469613695389461
