Variant_ID,Protein_Change_Parsed,Clinical_Significance,Mapped_Region,Mapped_Functional_Category,Mechanistic_Subregion,Mechanism_Class,Pathogenic_Probability_Mean,Model_Uncertainty,Ensemble_Disagreement,neighbor_pathogenic_fraction_k20,Domain_Blind_Ambiguity_Score,Pure_Model_Ambiguity_Score
1191528,M270I,G: Conflicting classifications of pathogenicity,Other,Other,Other,Other_Context,0.5115717,0.4884283,0.26783207,0.55,0.8442763326121966,0.9327193206759112
1055626,N149K,G: Uncertain significance,Other,Other,Other,Other_Context,0.46598816,0.46598816,0.27974257,0.6,0.8488491810901801,0.9212725923307664
3764452,A24P,G: Uncertain significance,Other,Other,Other,Other_Context,0.4177088,0.4177088,0.30825433,0.15,0.714815804099349,0.9004561598517635
1035251,G1515E,G: Uncertain significance,III-IV Linker,Inactivation_Gate,Fast_Inactivation_Gate,Dynamic_Gating_Related,0.49873662,0.49873662,0.22949262,0.3,0.749886560423972,0.8945855893372257
206874,L1865P,G: Conflicting classifications of pathogenicity,Other,Other,Other,Other_Context,0.42635423,0.42635423,0.28926685,0.45,0.7828139250478616,0.8858571632217102
3720380,H290R,G: Uncertain significance,Other,Other,Other,Other_Context,0.50592124,0.49407876,0.2100136,0.55,0.7921592555739622,0.863229884624932
3572529,T433P,G: Uncertain significance,Other,Other,Other,Other_Context,0.42840022,0.42840022,0.2652839,0.05,0.6556622996858804,0.8566725399320512
206746,V250I,G: Conflicting classifications of pathogenicity,DI-S5,Pore,Ion_Conduction_Pore_Region,Ion_Conduction_Pore,0.5059223,0.49407768,0.20088205,0.75,0.835748351729042,0.8511732409018806
3775455,G96V,G: Uncertain significance,Other,Other,Other,Other_Context,0.45560724,0.45560724,0.23569974,0.25,0.703708395177909,0.8505585619915979
2733055,M147I,G: Uncertain significance,Other,Other,Other,Other_Context,0.46601063,0.46601063,0.21961652,0.45,0.7498627665983872,0.8419222852890775
965767,I418T,G: Uncertain significance,DI-S6,Pore,Ion_Conduction_Pore_Region,Ion_Conduction_Pore,0.49589068,0.49589068,0.1849587,0.5,0.7558389529857263,0.832346674156407
2580482,S128A,G: Uncertain significance,Other,Other,Other,Other_Context,0.50236607,0.49763393,0.17956744,0.5,0.7520839183604068,0.8273399613226478
4855342,R274T,G: Uncertain significance,Other,Other,Other,Other_Context,0.5174327,0.4825673,0.18360741,0.55,0.7555598009093945,0.8144306117388417
2854057,N338Y,G: Uncertain significance,Other,Other,Other,Other_Context,0.58602226,0.41397774,0.24277653,0.5,0.7387007469933928,0.8094957328332957
206748,I264T,G: Uncertain significance,DI-S5,Pore,Ion_Conduction_Pore_Region,Ion_Conduction_Pore,0.53385043,0.46614957,0.1935401,0.4,0.7110117691126216,0.8076648149571797
3634044,F867L,G: Uncertain significance,DII-S4,Voltage_Sensor,S4_Voltage_Sensing_Helix,Dynamic_Gating_Related,0.50656366,0.49343634,0.16223498,0.5,0.7311105075453807,0.7993754135692794
4630309,F904I,G: Uncertain significance,DII-S5,Pore,Ion_Conduction_Pore_Region,Ion_Conduction_Pore,0.5081239,0.49187613,0.16180484,0.4,0.7029519789217541,0.7969184280360231
1389500,M270T,G: Uncertain significance,Other,Other,Other,Other_Context,0.59307086,0.40692914,0.23964138,0.65,0.7686692999697347,0.7968222245210499
567833,I278T,G: Uncertain significance,Other,Other,Other,Other_Context,0.5181184,0.48188162,0.16297282,0.25,0.6555586519138613,0.7863589043062011
808867,M424T,G: Conflicting classifications of pathogenicity,Other,Other,Other,Other_Context,0.5336075,0.46639252,0.17394333,0.4,0.6918288717163534,0.7820876184288221
2711277,F178L,G: Uncertain significance,Other,Other,Other,Other_Context,0.468644,0.46864402,0.16842854,0.55,0.7278867558864256,0.7775332183748832
1805339,Q279R,G: Uncertain significance,Other,Other,Other,Other_Context,0.41853052,0.41853052,0.21022776,0.65,0.7500810516510618,0.772037893429486
1341587,F185S,G: Uncertain significance,Other,Other,Other,Other_Context,0.42864275,0.42864275,0.20004939,0.45,0.696554481283599,0.7708445715360266
1396296,T154A,G: Uncertain significance,Other,Other,Other,Other_Context,0.4512987,0.4512987,0.17841898,0.35,0.6693956569821824,0.7697205250990502
2751140,L108V,G: Uncertain significance,Other,Other,Other,Other_Context,0.46946853,0.46946853,0.16095966,0.35,0.6686086940013486,0.7686712411246053
4528287,E427K,G: Conflicting classifications of pathogenicity,Other,Other,Other,Other_Context,0.57415956,0.42584044,0.19965723,0.4,0.6804634906001846,0.7669337769405971
1746784,I1772M,G: Uncertain significance,DIV-S6,Pore,Ion_Conduction_Pore_Region,Ion_Conduction_Pore,0.557821,0.44217902,0.18358047,0.5,0.705698268680068,0.7654924284155293
2765482,F114V,G: Uncertain significance,Other,Other,Other,Other_Context,0.59918773,0.40081227,0.2150239,0.25,0.6334766346744541,0.7569162146536581
579750,L186P,G: Conflicting classifications of pathogenicity,Other,Other,Other,Other_Context,0.60209113,0.39790887,0.21742539,0.45,0.6858494182116316,0.7565711541067368
206932,H324R,G: Conflicting classifications of pathogenicity,Other,Other,Other,Other_Context,0.59167904,0.40832096,0.20758335,0.5,0.6987176404977316,0.756184924172414
3906492,D313H,G: Uncertain significance,Other,Other,Other,Other_Context,0.52618897,0.47381103,0.14742593,0.55,0.7117834652663285,0.7560621642147538
206928,E158Q,G: Conflicting classifications of pathogenicity,Other,Other,Other,Other_Context,0.40240487,0.4024049,0.21282138,0.55,0.7116894843063741,0.755936856268148
954351,P282H,G: Uncertain significance,Other,Other,Other,Other_Context,0.5290667,0.47093332,0.14856058,0.55,0.7102936517301485,0.7540757461665137
4795621,Y549D,G: Uncertain significance,Other,Other,Other,Other_Context,0.32888725,0.32888722,0.278624,0.35,0.6574495615232245,0.7537923978204397
2099984,Y202C,G: Uncertain significance,Other,Other,Other,Other_Context,0.57132924,0.42867076,0.1833988,0.3,0.6406198378686561,0.7488966259301378
93629,I407T,G: Uncertain significance,DI-S6,Pore,Ion_Conduction_Pore_Region,Ion_Conduction_Pore,0.5421521,0.4578479,0.15638824,0.5,0.6930032384270454,0.748565721411499
3634018,T1379I,G: Uncertain significance,Other,Other,Other,Other_Context,0.43520373,0.43520373,0.17710796,0.4,0.6666394717945815,0.7485017518664594
652579,I85V,G: Uncertain significance,Other,Other,Other,Other_Context,0.41763535,0.41763532,0.19145593,0.05,0.5727866581898182,0.7461716846039681
206756,D332G,G: Uncertain significance,Other,Other,Other,Other_Context,0.41043967,0.41043967,0.19759859,0.4,0.6644395724122412,0.7455685526900058
645089,I124S,G: Uncertain significance,Other,Other,Other,Other_Context,0.49992126,0.49992126,0.115026765,0.4,0.66394104696408,0.7449038520924575
4085533,I110V,G: Uncertain significance,Other,Other,Other,Other_Context,0.58598477,0.41401523,0.18894534,0.05,0.5670133890572079,0.7384739924271542
843730,F178S,G: Uncertain significance,Other,Other,Other,Other_Context,0.48367992,0.4836799,0.12316394,0.6,0.7098806324385445,0.7359811941285856
93650,N1403K,G: Uncertain significance,Other,Other,Other,Other_Context,0.58607465,0.41392535,0.18641664,0.3,0.630217477894305,0.7350268126310032
1912005,V250A,G: Uncertain significance,DI-S5,Pore,Ion_Conduction_Pore_Region,Ion_Conduction_Pore,0.55152786,0.44847214,0.15410334,0.7,0.7348582365722441,0.734196947008606
660877,D249G,G: Conflicting classifications of pathogenicity,DI-S5,Pore,Ion_Conduction_Pore_Region,Ion_Conduction_Pore,0.5095534,0.49044663,0.11449571,0.55,0.694284915627425,0.7327307646962158
4800294,L327P,G: Uncertain significance,Other,Other,Other,Other_Context,0.63558424,0.36441576,0.22540571,0.45,0.6633356459686965,0.7265527911161567
206738,T140A,G: Uncertain significance,Other,Other,Other,Other_Context,0.44795495,0.44795495,0.1486373,0.4,0.6500290648928482,0.7263545426641485
2036826,E1454D,G: Uncertain significance,Other,Other,Other,Other_Context,0.40064746,0.40064746,0.19165957,0.3,0.6233509340946145,0.7258714208980824
408932,A285S,G: Uncertain significance,Other,Other,Other,Other_Context,0.4630269,0.46302688,0.13346644,0.55,0.6881684481098779,0.7245754746728195
198125,A285V,G: Uncertain significance,Other,Other,Other,Other_Context,0.427543,0.42754304,0.16569395,0.35,0.6352233807723956,0.7241574901526678
