threshold,accuracy,precision,recall,f1
-4.899079918861389,0.38439306358381503,0.38439306358381503,1.0,0.5553235908141962
-4.267183848954737,0.3856317093311313,0.38486978090119883,1.0,0.5558208955223881
-3.575788830041885,0.3864574731626755,0.38518824989656597,1.0,0.5561529271206691
-3.2003507487773897,0.3876961189099917,0.3856669428334714,1.0,0.5566517189835576
-2.9658547668457027,0.38852188274153593,0.38598673300165837,1.0,0.5569847442416991
-2.7467351043224335,0.3897605284888522,0.38646741386467415,1.0,0.5574850299401197
-2.7164182136654853,0.3905862923203964,0.3867885334441213,1.0,0.5578190533253445
-2.6686245841160416,0.3914120561519405,0.38711018711018713,1.0,0.5581534772182254
-2.558386583089828,0.3926507018992568,0.38759367194004996,1.0,0.5586558655865587
-2.463529513657093,0.3926507018992568,0.3875,0.9989258861439313,0.5583908736115281
-2.379136655330658,0.3930635838150289,0.3875677930746767,0.9978517722878625,0.5582932692307693
-2.3032402112483976,0.3938893476465731,0.38789144050104385,0.9978517722878625,0.5586289837642814
-2.220792922973633,0.3951279933938893,0.3883779264214047,0.9978517722878625,0.5591333132711406
-2.197400057375431,0.3959537572254335,0.3887029288702929,0.9978517722878625,0.5594700391448358
-2.1333749668598174,0.3959537572254335,0.38860971524288107,0.9967776584317938,0.5592045796926786
-2.0890560710430144,0.39719240297274977,0.3890985324947589,0.9967776584317938,0.5597104945717732
-2.057405511856079,0.39801816680429397,0.38942509441879986,0.9967776584317938,0.56004828002414
-2.012579583406448,0.3992568125516102,0.3899159663865546,0.9967776584317938,0.560555723346421
-1.97664516210556,0.4000825763831544,0.3902439024390244,0.9967776584317938,0.5608945300695074
-1.9538740429878234,0.4000825763831544,0.39015151515151514,0.9957035445757251,0.5606289688539462
-1.8896037632226943,0.4004954582989265,0.39022334597555836,0.9946294307196563,0.5605326876513317
-1.8570336989164353,0.40132122213047067,0.3905525094896668,0.9946294307196563,0.5608721986674743
-1.8063117740154266,0.40255986787778697,0.3910472972972973,0.9946294307196563,0.5613822370415278
-1.7621878608465196,0.40255986787778697,0.39095519864750633,0.9935553168635876,0.5611161662117076
-1.6839595718383789,0.4037985136251032,0.3914515446466356,0.9935553168635876,0.5616272009714632
-1.6343522757291793,0.4046242774566474,0.39178314273612874,0.9935553168635876,0.5619684082624544
-1.6074128897190092,0.40545004128819156,0.3921153030945316,0.9935553168635876,0.5623100303951368
-1.576084115386009,0.40668868703550787,0.39261460101867574,0.9935553168635876,0.5628232430787953
-1.551985827445984,0.407514450867052,0.3929481733220051,0.9935553168635876,0.563165905631659
-1.533794327020645,0.4087530966143683,0.3934495959166312,0.9935553168635876,0.5636806825106643
-1.4941299068927765,0.40957886044591246,0.393784589186888,0.9935553168635876,0.5640243902439024
-1.4878777825832368,0.40999174236168456,0.3938618925831202,0.9924812030075187,0.5639304241684467
-1.4159404153823851,0.40999174236168456,0.3937713310580205,0.99140708915145,0.5636641221374046
-1.375196060180664,0.4108175061932287,0.39410760034158837,0.99140708915145,0.564008554842652
-1.3550160510540008,0.412056151940545,0.3946130825138948,0.99140708915145,0.5645259938837921
-1.3346491503715514,0.41288191577208916,0.3949507916131793,0.99140708915145,0.5648714810281518
-1.3221711483001708,0.41412056151940546,0.395458440445587,0.99140708915145,0.5653905053598774
-1.2919273149967194,0.4149463253509496,0.3957975986277873,0.99140708915145,0.5657370517928287
-1.267401109099388,0.4149463253509496,0.39570815450643776,0.9903329752953813,0.5654707145047532
-1.2296065765619277,0.4161849710982659,0.396218306832832,0.9903329752953813,0.5659914057704113
-1.2124092960357666,0.4161849710982659,0.3961290322580645,0.9892588614393125,0.5657248157248157
-1.2076435129642487,0.41742361684558216,0.39664082687338503,0.9892588614393125,0.566246541653858
-1.1989454011917113,0.41824938067712636,0.39698275862068966,0.9892588614393125,0.5665948938788066
-1.1935330225229264,0.4194880264244426,0.39749676305567544,0.9892588614393125,0.5671182266009852
-1.182591859102249,0.4194880264244426,0.39740820734341253,0.9881847475832438,0.5668515095502157
-1.174601016640663,0.4203137902559868,0.39775183744055337,0.9881847475832438,0.5672009864364982
-1.160841920375824,0.42155243600330305,0.39826839826839827,0.9881847475832438,0.5677260104905894
-1.1508418760299681,0.42237819983484726,0.3986135181975737,0.9881847475832438,0.5680765668416178
-1.1382491817474365,0.4236168455821635,0.39913232104121477,0.9881847475832438,0.5686032138442522
-1.1171164104938507,0.4244426094137077,0.39947894051237515,0.9881847475832438,0.5689548546691404
-1.104199969768524,0.42568125516102395,0.4,0.9881847475832438,0.5694831321572269
-1.0846578192710876,0.4265070189925681,0.40034812880765885,0.9881847475832438,0.5698358624961288
-1.081680984020233,0.4273327828241123,0.40069686411149824,0.9881847475832438,0.5701890300588782
-1.0774598286151886,0.4277456647398844,0.4007849978194505,0.9871106337271751,0.5700992555831266
-1.0633074736595154,0.42857142857142855,0.4011348756001746,0.9871106337271751,0.5704531346989448
-1.0482763290405273,0.42981007431874485,0.40166083916083917,0.9871106337271751,0.5709847778813296
-1.0397860851287841,0.430635838150289,0.4020122484689414,0.9871106337271751,0.571339757538079
-1.0318407919406891,0.4314616019818332,0.4023642732049037,0.9871106337271751,0.5716951788491447
-1.027409083843231,0.43270024772914945,0.4028934677772907,0.9871106337271751,0.5722291407222914
-1.017763237953186,0.43352601156069365,0.403247038174638,0.9871106337271751,0.5725856697819315
-1.0139437437057495,0.4347646573080099,0.4037785588752197,0.9871106337271751,0.5731212971624571
-1.005791434645653,0.4355904211395541,0.40413368513632364,0.9871106337271751,0.5734789391575663
-0.9986669459342956,0.43682906688687034,0.4046675473359753,0.9871106337271751,0.5740162398500936
-0.9797468748688698,0.43765483071841454,0.40502423975319524,0.9871106337271751,0.574375
-0.9672235412597655,0.43765483071841454,0.40494044993383327,0.9860365198711063,0.574108818011257
-0.958756520152092,0.4388934764657308,0.40547703180212014,0.9860365198711063,0.5746478873239437
-0.9442450060844422,0.439719240297275,0.40583554376657827,0.9860365198711063,0.5750078296273098
-0.932958915233612,0.44095788604459124,0.4063745019920319,0.9860365198711063,0.5755485893416928
-0.9219213895797729,0.44178364987613544,0.40673460345591494,0.9860365198711063,0.5759096612296111
-0.9109591698646544,0.4430222956234517,0.4072759538598048,0.9860365198711063,0.5764521193092622
-0.8681348609924313,0.4438480594549959,0.40763765541740676,0.9860365198711063,0.5768143261074458
-0.8513070015907286,0.44467382328654004,0.408,0.9860365198711063,0.5771769883684376
-0.8285753231048584,0.44591246903385634,0.40854472630173566,0.9860365198711063,0.5777218376337319
-0.8186459584236147,0.4467382328654005,0.4089086859688196,0.9860365198711063,0.5780856423173804
-0.8103986554145813,0.4471511147811726,0.4090098126672614,0.9849624060150376,0.5780018909549323
-0.794746458530426,0.4471511147811726,0.4089285714285714,0.9838882921589689,0.5777357300536109
-0.7845560245513915,0.4479768786127168,0.4092940125111707,0.9838882921589689,0.5781003471126538
-0.7678412547707557,0.4475639966969447,0.40894854586129753,0.9817400644468314,0.5773847125710676
-0.7538248362541199,0.44838976052848883,0.40931482310792655,0.9817400644468314,0.5777496839443742
-0.7491037411689758,0.44962840627580514,0.4098654708520179,0.9817400644468314,0.5782980069598228
-0.7427427768707275,0.4504541701073493,0.4102333931777379,0.9817400644468314,0.5786641342196898
-0.7289533927440643,0.4516928158546656,0.4107865168539326,0.9817400644468314,0.5792141951837769
-0.718593918800354,0.45251857968620973,0.4111560953666217,0.9817400644468314,0.579581483830057
-0.7097122522592544,0.45334434351775393,0.4115263394867177,0.9817400644468314,0.5799492385786802
-0.696706732749939,0.4545829892650702,0.412082957619477,0.9817400644468314,0.5805017465862179
-0.6898511791229247,0.4554087530966144,0.41245487364620936,0.9817400644468314,0.5808706704798221
-0.6764902529716491,0.45664739884393063,0.4130140081337551,0.9817400644468314,0.5814249363867684
-0.6619851005077362,0.45747316267547483,0.41338760741745817,0.9817400644468314,0.5817950350095481
-0.6546197328567505,0.4587118084227911,0.41394927536231885,0.9817400644468314,0.5823510672188595
-0.6387643202543258,0.4595375722543353,0.414324569356301,0.9817400644468314,0.582722346190628
-0.6353783655166626,0.4595375722543353,0.41424682395644286,0.9806659505907627,0.5824561403508772
-0.6339012212753296,0.4599504541701073,0.41435711040436163,0.9795918367346939,0.5823754789272031
-0.6170894079208374,0.4607762180016515,0.4147339699863574,0.9795918367346939,0.5827476038338658
-0.6140420278906823,0.4620148637489678,0.41530054644808745,0.9795918367346939,0.5833066837224177
-0.6083979845643044,0.462840627580512,0.41567912488605285,0.9795918367346939,0.58368
-0.6024361157417297,0.4636663914120562,0.41605839416058393,0.9795918367346939,0.5840537944284342
-0.5914731559753418,0.4649050371593724,0.41662859753312015,0.9795918367346939,0.5846153846153846
-0.5849204928874969,0.46573080099091657,0.4170096021947874,0.9795918367346939,0.584990378447723
-0.5747080564498901,0.4669694467382329,0.4175824175824176,0.9795918367346939,0.585553772070626
-0.5682984797954559,0.467795210569777,0.41796516956920254,0.9795918367346939,0.5859299710889817
-0.5592421293258667,0.4690338563170933,0.41854061496099126,0.9795918367346939,0.5864951768488746
-0.5549560891389846,0.46985962014863747,0.41892512632062473,0.9795918367346939,0.5868725868725869
-0.5520936799049377,0.47068538398018167,0.4193103448275862,0.9795918367346939,0.5872504829362524
-0.5405688458681105,0.47109826589595377,0.4194290976058932,0.9785177228786252,0.587173702868192
-0.5290459518432615,0.4719240297274979,0.419815668202765,0.9785177228786252,0.5875524024508223
-0.515093379020691,0.4715111478117259,0.4194739270881403,0.9763694951664876,0.5868302130406714
-0.5112708230018617,0.4715111478117259,0.4193995381062356,0.9752953813104189,0.58656330749354
-0.5094516417384148,0.4719240297274979,0.41951896392229415,0.9742212674543501,0.5864856126737795
-0.507188380241394,0.4727497935590421,0.4199074074074074,0.9742212674543501,0.5868650922031705
-0.5011251537799835,0.47357555739058627,0.42029657089898054,0.9742212674543501,0.5872450631272257
-0.49372311115264894,0.47481420313790257,0.42088167053364267,0.9742212674543501,0.5878159429682437
-0.4882489644289017,0.4756399669694467,0.42127264282396654,0.9742212674543501,0.5881971465629053
-0.48223487663269043,0.476878612716763,0.42186046511627906,0.9742212674543501,0.5887698799091204
-0.47625106000900247,0.47770437654830716,0.42225325884543763,0.9742212674543501,0.5891523221825268
-0.47109855937957756,0.47853014037985137,0.42264678471575023,0.9742212674543501,0.5895352616184596
-0.4689879250526428,0.4797687861271676,0.42323845076994865,0.9742212674543501,0.590110605074821
-0.4618803310394286,0.4805945499587118,0.423633815973844,0.9742212674543501,0.5904947916666666
-0.4573634779453278,0.4801816680429397,0.42329279700654815,0.9720730397422127,0.5897686542847833
-0.4493819017410279,0.4810074318744839,0.42368913857677903,0.9720730397422127,0.5901532442125856
-0.4387983787059779,0.48142031379025596,0.4238162212845757,0.9709989258861439,0.5900783289817232
-0.4289349365234375,0.48224607762180016,0.4242139840450493,0.9709989258861439,0.5904637491835402
-0.42351157975196846,0.48307184145334436,0.42461249412869895,0.9709989258861439,0.5908496732026144
-0.419411623954773,0.4843104872006606,0.42521166509877706,0.9709989258861439,0.5914295060516847
-0.4152278385162353,0.4851362510322048,0.4256120527306968,0.9709989258861439,0.5918166939443535
-0.4099430088996887,0.48554913294797686,0.42574257425742573,0.9699248120300752,0.591743119266055
-0.39581337571144104,0.48637489677952106,0.42614440773949974,0.9699248120300752,0.5921311475409836
-0.3894277219772339,0.48678777869529316,0.42627599243856334,0.9688506981740065,0.592057761732852
-0.38581973695755006,0.4876135425268373,0.4266792809839167,0.9688506981740065,0.5924466338259442
-0.38497139358520505,0.4884393063583815,0.4270833333333333,0.9688506981740065,0.5928360170883996
-0.3821792490482329,0.4888521882741536,0.4272166903745851,0.9677765843179377,0.5927631578947369
-0.3756954956054687,0.48967795210569776,0.42762221167536785,0.9677765843179377,0.5931533903884134
-0.37320840859413146,0.49091659785301406,0.4282319391634981,0.9677765843179377,0.5937397034596376
-0.3695246315002441,0.49091659785301406,0.42816365366317793,0.966702470461869,0.5934718100890207
-0.3584207186698914,0.4917423616845582,0.42857142857142855,0.966702470461869,0.5938634114153745
-0.35308401966094954,0.4929810074318745,0.4291845493562232,0.966702470461869,0.5944517833553501
-0.3495743501186371,0.49380677126341865,0.4295942720763723,0.966702470461869,0.5948446794448117
-0.34324411582946773,0.49504541701073496,0.43021032504780116,0.966702470461869,0.5954349983460139
-0.3304369945526123,0.4958711808422791,0.430622009569378,0.966702470461869,0.5958291956305859
-0.3248226237297058,0.49710982658959535,0.43124101581217056,0.966702470461869,0.5964214711729622
-0.32319642639160157,0.49710982658959535,0.43117505995203836,0.9656283566058003,0.5961538461538461
-0.3176433563232419,0.49793559042113955,0.43158905424867977,0.9656283566058003,0.5965494359654944
-0.3136014348268509,0.4991742361684558,0.4322115384615385,0.9656283566058003,0.5971438060445035
-0.3095039415359495,0.5,0.4326275264677575,0.9656283566058003,0.5975407111997342
-0.30146327757835384,0.5012386457473162,0.4332530120481928,0.9656283566058003,0.5981370592149036
-0.295711254119873,0.5020644095788604,0.43367100820067533,0.9656283566058003,0.5985352862849534
-0.294528671503067,0.5033030553261767,0.43429951690821256,0.9656283566058003,0.599133622125958
-0.29227276802062996,0.5041288191577209,0.4347195357833656,0.9656283566058003,0.5995331777259086
-0.28521018648147584,0.5049545829892651,0.4351403678606002,0.9656283566058003,0.5999332665999333
-0.26999276065826416,0.5061932287365813,0.4357731459040233,0.9656283566058003,0.6005344021376086
-0.2648915028572083,0.5070189925681255,0.43619602134885976,0.9656283566058003,0.6009358288770054
-0.26165096759796147,0.5082576383154418,0.4368318756073858,0.9656283566058003,0.6015389762462362
-0.25493483901023867,0.509083402146986,0.4372568093385214,0.9656283566058003,0.6019417475728155
-0.24979825401306152,0.5099091659785301,0.437682570593963,0.9656283566058003,0.6023450586264657
-0.2479287803173065,0.5111478117258464,0.43832276938078985,0.9656283566058003,0.6029510395707579
-0.2434082007408142,0.5119735755573905,0.4387506100536847,0.9656283566058003,0.6033557046979866
-0.2364763855934143,0.5132122213047069,0.4393939393939394,0.9656283566058003,0.603963721867652
-0.23486262798309326,0.514037985136251,0.4398238747553816,0.9656283566058003,0.6043697478991596
-0.22673814487457275,0.5152766308835673,0.4404703576678099,0.9656283566058003,0.6049798115746972
-0.22314816260337816,0.5161023947151114,0.44090240313879353,0.9656283566058003,0.6053872053872054
-0.21250982737541188,0.5169281585466556,0.4413352970054001,0.9656283566058003,0.6057951482479784
-0.2088103866577148,0.5173410404624278,0.4414945919370698,0.9645542427497314,0.6057335581787521
-0.20139268612861633,0.5181668042939719,0.4419291338582677,0.9645542427497314,0.6061424232197098
-0.19955732345581056,0.5194054500412882,0.4425825529817644,0.9645542427497314,0.6067567567567568
-0.19517064809799195,0.5202312138728323,0.4430192402565368,0.9645542427497314,0.6071670047329276
-0.19088121414184558,0.5214698596201487,0.44367588932806323,0.9645542427497314,0.6077834179357022
-0.18054810702800744,0.5222956234516928,0.44411473788328387,0.9645542427497314,0.6081950558753809
-0.17195332241058348,0.523121387283237,0.44455445544554456,0.9645542427497314,0.608607251779058
-0.15929449629783626,0.5243600330305532,0.4452156668319286,0.9645542427497314,0.6092265943012212
-0.15127336311340328,0.5251857968620974,0.4456575682382134,0.9645542427497314,0.6096401900882552
-0.14375821208953857,0.5264244426094137,0.4463220675944334,0.9645542427497314,0.6102616377845735
-0.14207112789154053,0.5272502064409579,0.44676616915422884,0.9645542427497314,0.610676640598436
-0.13981421399116514,0.5280759702725021,0.44721115537848605,0.9645542427497314,0.6110922082340933
-0.13510269641876219,0.5293146160198183,0.44788029925187034,0.9645542427497314,0.611716621253406
-0.1226510884761809,0.5293146160198183,0.44782825761357964,0.9634801288936627,0.6114519427402862
-0.11986795115470883,0.5297274979355904,0.448,0.9624060150375939,0.611395428181508
-0.11800188422203063,0.5305532617671346,0.44844844844844844,0.9624060150375939,0.6118129054284739
-0.11534647560119629,0.5317919075144508,0.44912280701754387,0.9624060150375939,0.6124401913875598
-0.1144516944885254,0.5317919075144508,0.4490717511289513,0.9613319011815252,0.6121751025991792
-0.11092433977127077,0.5317919075144508,0.4490205926670015,0.9602577873254565,0.6119096509240246
-0.10547758626937867,0.5330305532617672,0.44969818913480886,0.9602577873254565,0.6125385405960946
-0.10050401687622072,0.5330305532617672,0.44964753272910374,0.9591836734693877,0.6122728830990743
-0.09849142098426826,0.5342691990090834,0.4503277861825517,0.9591836734693877,0.6129032258064516
-0.09589960956573486,0.5350949628406276,0.4507824331145886,0.9591836734693877,0.6133241758241759
-0.09406927394866942,0.5363336085879439,0.45146612740141556,0.9591836734693877,0.613956686146442
-0.09135657691955566,0.5371593724194881,0.4519230769230769,0.9591836734693877,0.6143790849673203
-0.08793463468551638,0.5379851362510322,0.4523809523809524,0.9591836734693877,0.614802065404475
-0.08313865470886235,0.5392237819983484,0.4530695078640284,0.9591836734693877,0.6154376292212267
-0.07276620435714722,0.5400495458298926,0.4535297105129507,0.9591836734693877,0.6158620689655172
-0.07056350421905518,0.5412881915772089,0.45422177009155645,0.9591836734693877,0.6164998274076631
-0.06424858975410459,0.5421139554087531,0.4546843177189409,0.9591836734693877,0.6169257340241796
-0.0600470161437988,0.5429397192402973,0.4551478083588175,0.9591836734693877,0.61735222951953
-0.05115022301673889,0.5433526011560693,0.4553343542623788,0.958109559613319,0.6173010380622838
-0.04384620666503909,0.5441783649876135,0.455799693408278,0.958109559613319,0.6177285318559557
-0.03886091470718386,0.5454170107349298,0.4564994882292733,0.958109559613319,0.618370883882149
-0.035794276237487786,0.546242774566474,0.4569672131147541,0.958109559613319,0.6187998612556365
-0.03304260015487658,0.5474814203137902,0.4576706003078502,0.958109559613319,0.6194444444444445
-0.028199989318847634,0.5483071841453344,0.45814072932717,0.958109559613319,0.6198749131341209
-0.015639573335647455,0.5491329479768786,0.4586118251928021,0.958109559613319,0.6203059805285118
-0.0020550456047058016,0.5503715937241949,0.4593202883625129,0.958109559613319,0.6209537069265576
0.005113682031631464,0.5511973575557391,0.45979381443298967,0.958109559613319,0.6213862765586904
0.01424541473388677,0.5524360033030553,0.4605059370160041,0.958109559613319,0.6220362622036262
0.024384693145752135,0.5532617671345995,0.46098191214470285,0.958109559613319,0.6224703419399861
0.027458483219146936,0.5545004128819158,0.4616977225672878,0.958109559613319,0.6231225986727209
0.03676578521728525,0.55532617671346,0.46217616580310883,0.958109559613319,0.623558196434813
0.04008183002471925,0.5561519405450042,0.46265560165975106,0.958109559613319,0.6239944036376356
0.047295184135437214,0.555739058629232,0.4623376623376623,0.9559613319011815,0.623249299719888
0.05445086193084726,0.5565648224607762,0.4628185127405096,0.9559613319011815,0.6236860546601262
0.05660033464431772,0.5569777043765483,0.4630208333333333,0.9548872180451128,0.6236408277797264
0.06237956047058124,0.5578034682080925,0.4635036496350365,0.9548872180451128,0.6240786240786241
0.06941018819808953,0.5578034682080925,0.46346555323590816,0.9538131041890441,0.6238145416227608
0.07164076924324025,0.5590421139554087,0.46419236800836383,0.9538131041890441,0.6244725738396625
0.07473565959930414,0.5598678777869529,0.46467817896389324,0.9538131041890441,0.6249120337790288
0.08044550848007188,0.5611065235342692,0.46540880503144655,0.9538131041890441,0.6255723846424798
0.09561201858520509,0.5619322873658134,0.46589716684155297,0.9538131041890441,0.6260133944307367
0.11333236932754516,0.5631709331131296,0.4666316342616921,0.9538131041890441,0.6266760762173607
0.11564594864845275,0.5639966969446738,0.4671225670699632,0.9538131041890441,0.6271186440677966
0.11811125659942634,0.5639966969446738,0.4670879410215903,0.9527389903329753,0.6268551236749117
0.12032686328887933,0.56523534269199,0.46782700421940926,0.9527389903329753,0.6275203395825963
0.12227573919296265,0.5660611065235343,0.46832101372756074,0.9527389903329753,0.6279646017699115
0.12633210992813104,0.5672997522708505,0.4690639873083025,0.9527389903329753,0.628632175761871
0.1288277816772461,0.5681255161023947,0.4695606140815246,0.9527389903329753,0.6290780141843971
0.13408268785476687,0.569364161849711,0.47030752916224816,0.9527389903329753,0.6297479588214413
0.13874994325637813,0.5701899256812551,0.4708067940552017,0.9527389903329753,0.6301953818827709
0.14173959541320802,0.5710156895127994,0.47130712008501596,0.9527389903329753,0.6306434411660149
0.15003623199462882,0.5714285714285714,0.4715274081958489,0.9516648764769066,0.6306049822064057
0.15611744523048401,0.5714285714285714,0.4714970697922216,0.9505907626208379,0.6303418803418803
0.1607964248657229,0.5726672171758876,0.47225186766275346,0.9505907626208379,0.6310160427807486
0.1691347305774689,0.5734929810074318,0.47275641025641024,0.9505907626208379,0.6314662861220122
0.1765446949005128,0.574318744838976,0.4732620320855615,0.9505907626208379,0.6319171724384148
0.1771627037525177,0.5755573905862923,0.4740224959828602,0.9505907626208379,0.6325947105075054
0.18427328348159797,0.5763831544178365,0.4745308310991957,0.9505907626208379,0.6330472103004292
0.18692148160934446,0.5776218001651527,0.47529538131041893,0.9505907626208379,0.6337271750805585
0.1881552963256836,0.578447563996697,0.47580645161290325,0.9505907626208379,0.6341812970261556
0.19250393033027663,0.578860445912469,0.4760366182014001,0.949516648764769,0.6341463414634146
0.204047486782074,0.5796862097440132,0.4765498652291105,0.949516648764769,0.6346015793251975
0.20649616777896887,0.5805119735755574,0.47706422018348627,0.949516648764769,0.6350574712643678
0.2083033103942871,0.5817506193228736,0.47783783783783784,0.949516648764769,0.6357425386551601
0.21101622438430787,0.5825763831544178,0.47835497835497837,0.949516648764769,0.636200071968334
0.21634693479537967,0.5838150289017341,0.47913279132791325,0.949516648764769,0.6368876080691642
0.21681309604644777,0.5846407927332783,0.47965274009766684,0.949516648764769,0.6373467916366258
0.21891897201538085,0.5850536746490503,0.47989130434782606,0.9484425349087003,0.637315048718874
0.2221974761486054,0.5858794384805945,0.4804134929270947,0.9484425349087003,0.6377753701697364
0.23205313253402687,0.5867052023121387,0.4809368191721133,0.9484425349087003,0.6382363570654138
0.23545807552337644,0.587943848059455,0.4817239498090562,0.9484425349087003,0.6389290882778582
0.2402287473678588,0.5887696118909992,0.4822501365374113,0.9484425349087003,0.6393917451122375
0.2466504296660423,0.5900082576383154,0.48304157549234134,0.9484425349087003,0.6400869880391447
0.25109337186813374,0.5908340214698596,0.4835706462212486,0.9484425349087003,0.6405513239027929
0.25613314139842985,0.5916597853014038,0.48410087719298245,0.9484425349087003,0.641016333938294
0.26210576438903815,0.5928984310487201,0.48489840746842394,0.9484425349087003,0.6417151162790697
0.2671670749187469,0.5937241948802643,0.48543155579989006,0.9484425349087003,0.6421818181818182
0.27197355031967163,0.5949628406275805,0.48623348017621143,0.9484425349087003,0.642883145249363
0.2772727446556092,0.5957886044591247,0.48676957001102533,0.9484425349087003,0.6433515482695811
0.27964049148559567,0.5962014863748968,0.4870237437879624,0.9473684210526315,0.6433260393873085
0.2852478830814363,0.597027250206441,0.48756218905472637,0.9473684210526315,0.6437956204379562
0.28751817750930786,0.5978530140379852,0.48810182623132264,0.9473684210526315,0.6442658875091307
0.29054646372795107,0.5990916597853014,0.48891352549889133,0.9473684210526315,0.6449725776965265
0.29113439559936527,0.5999174236168456,0.4894561598224195,0.9473684210526315,0.6454445664105378
0.29792866969108583,0.6011560693641619,0.490272373540856,0.9473684210526315,0.6461538461538462
0.31047690343856815,0.6011560693641619,0.4902615470228158,0.9462943071965628,0.6458944281524927
0.3238094549179077,0.6023947151114781,0.49108138238573024,0.9462943071965628,0.6466055045871559
0.3256821155548096,0.6032204789430223,0.4916294642857143,0.9462943071965628,0.6470804260007345
0.32923980402946473,0.6040462427745664,0.4921787709497207,0.9462943071965628,0.647556045571481
0.3345280513763428,0.6052848885218828,0.4930050363738109,0.9462943071965628,0.6482707873436351
0.3361555569171906,0.6061106523534269,0.4935574229691877,0.9462943071965628,0.6487481590574374
0.33978372955322267,0.6073492981007432,0.4943883277216611,0.9462943071965628,0.6494655363066716
0.34162947893142703,0.6081750619322873,0.4949438202247191,0.9462943071965628,0.649944669863519
0.3449448380470276,0.6090008257638315,0.4955005624296963,0.9462943071965628,0.6504245108896272
0.3461613550186158,0.6102394715111478,0.49633802816901407,0.9462943071965628,0.6511456023651145
0.35199063968658467,0.611065235342692,0.49689791314156795,0.9462943071965628,0.6516272189349113
0.3567440772056581,0.6123038810900082,0.4977401129943503,0.9462943071965628,0.6523509811181044
0.3628797006607056,0.6123038810900082,0.497737556561086,0.9452201933404941,0.6520933679140423
0.36911170625686646,0.6135425268373246,0.4985835694050991,0.9452201933404941,0.6528189910979229
0.3746043682098392,0.6143682906688687,0.499149177538287,0.9452201933404941,0.6533036377134372
0.3795299389362335,0.6151940545004129,0.4997160704145372,0.9452201933404941,0.6537890044576523
0.385734099149704,0.6164327002477291,0.5005688282138794,0.9452201933404941,0.6545184083302343
0.3877190083265305,0.6172584640792733,0.5011389521640092,0.9452201933404941,0.6550055824339412
0.39044873046875,0.6184971098265896,0.5019965772960638,0.9452201933404941,0.6557377049180327
0.4004936418533328,0.6193228736581338,0.502569960022844,0.9452201933404941,0.6562266964951529
0.40262813234329226,0.62056151940545,0.5034324942791762,0.9452201933404941,0.6569615528182158
0.4096561170816422,0.6213872832369942,0.5040091638029782,0.9452201933404941,0.6574523720582742
0.4163215732574468,0.6222130470685384,0.5045871559633027,0.9452201933404941,0.6579439252336449
0.4186564028263093,0.6226259289843105,0.504882251579552,0.9441460794844253,0.6579341317365269
0.42181938481330894,0.6234516928158547,0.5054629097182288,0.9441460794844253,0.6584269662921348
0.42365132117271426,0.6246903385631709,0.506336405529954,0.9441460794844253,0.6591676040494938
0.4278610849380496,0.6255161023947151,0.5069204152249135,0.9441460794844253,0.6596622889305817
0.4350077760219574,0.6263418662262593,0.5075057736720554,0.9441460794844253,0.6601577168606835
0.4378070416450501,0.6267547481420314,0.507807981492192,0.9430719656283566,0.6601503759398496
0.4398223700523378,0.6275805119735756,0.50839606253619,0.9430719656283566,0.6606471030850264
0.44199403953552246,0.6288191577208918,0.5092807424593968,0.9430719656283566,0.6613935969868173
0.44342534852027893,0.629644921552436,0.5098722415795587,0.9430719656283566,0.6618921975122503
0.44433678388595577,0.6284062758051198,0.5090168702734148,0.9398496240601504,0.660377358490566
0.4453709299564361,0.6284062758051198,0.5090273733255678,0.9387755102040817,0.6601208459214502
0.4481061935424804,0.6284062758051198,0.5090379008746355,0.9377013963480129,0.6598639455782312
0.4512120156288146,0.629644921552436,0.509929906542056,0.9377013963480129,0.6606129398410897
0.4566179671287537,0.629644921552436,0.5099415204678363,0.9366272824919442,0.6603559257856872
0.46185055971145617,0.630057803468208,0.5102519039250146,0.9355531686358755,0.6603487490523123
0.46534286499023436,0.6308835672997523,0.510850439882698,0.9355531686358755,0.6608497723823976
0.474025495648384,0.6312964492155244,0.5111633372502937,0.9344790547798066,0.660843144701861
0.48286514043807977,0.6321222130470685,0.5117647058823529,0.9344790547798066,0.661345496009122
0.48755196237564086,0.6329479768786127,0.5123674911660777,0.9344790547798066,0.6618486116394067
0.4911755323410033,0.634186622625929,0.5132743362831859,0.9344790547798066,0.6626047220106626
0.49820891392230987,0.6350123864574732,0.5138806851742469,0.9344790547798066,0.663109756097561
0.5051628541946411,0.6354252683732452,0.5142011834319526,0.9334049409237379,0.6631056848531095
0.5113003739118576,0.6362510322047894,0.5148104265402843,0.9334049409237379,0.6636120656739214
0.5175692596435548,0.6370767960363336,0.5154211150652431,0.9334049409237379,0.6641192204814673
0.5194086599349975,0.6383154417836499,0.5163398692810458,0.9334049409237379,0.6648814078041316
0.5272222895622255,0.639141205615194,0.5169541939321832,0.9334049409237379,0.6653905053598775
0.5321870341300963,0.6403798513625103,0.5178784266984505,0.9334049409237379,0.6661556151782292
0.535710910320282,0.6395540875309661,0.5173031026252983,0.9312567132116004,0.6651323360184119
0.540862837433815,0.6399669694467383,0.5176329946204423,0.9301825993555317,0.6651305683563749
0.5447379755973816,0.6407927332782825,0.5182525433871933,0.9301825993555317,0.665641813989239
0.5513328828811648,0.6416184971098265,0.5188735769922109,0.9301825993555317,0.6661538461538462
0.557866937637329,0.6420313790255987,0.5192076830732293,0.9291084854994629,0.6661532537543319
0.564715917468071,0.6428571428571429,0.5198317307692307,0.9291084854994629,0.6666666666666666
0.5781077964305873,0.6440957886044592,0.5207706201083685,0.9291084854994629,0.6674382716049383
0.5908399868011475,0.6449215524360034,0.5213984327908379,0.9291084854994629,0.667953667953668
0.5942870011329652,0.6461601981833196,0.5223429951690821,0.9291084854994629,0.6687282566679552
0.5968481047153472,0.6469859620148638,0.5229746070133011,0.9291084854994629,0.6692456479690522
0.6031381614208222,0.6478117258464079,0.5236077481840193,0.9291084854994629,0.6697638404955478
0.606503795683384,0.64822460776218,0.5239539114614918,0.9280343716433942,0.6697674418604651
0.609974708557129,0.6490503715937241,0.5245901639344263,0.9280343716433942,0.6702870442203258
0.6123345928192139,0.6502890173410405,0.5255474452554745,0.9280343716433942,0.6710679611650485
0.6200103225708008,0.6502890173410405,0.52557856272838,0.9269602577873255,0.6708122813835989
0.6278179583549502,0.6511147811725846,0.526219512195122,0.9269602577873255,0.6713341112407624
0.6307316923141479,0.6515276630883567,0.5265729993891265,0.9258861439312567,0.6713395638629284
0.6336821496486665,0.652353426919901,0.527217125382263,0.9258861439312567,0.6718628215120811
0.6444755816459655,0.6519405450041288,0.5269607843137255,0.9237379162191193,0.6710885680842762
0.6491757676601411,0.652766308835673,0.5276073619631901,0.9237379162191193,0.6716126513080828
0.6571931800842287,0.653179190751445,0.5279655808236017,0.9226638023630505,0.671618451915559
0.6623658957481385,0.6540049545829892,0.5286153846153846,0.9226638023630505,0.6721439749608764
0.6701948761940002,0.6548307184145334,0.5292667898952557,0.9226638023630505,0.6726703210649961
0.6733918507099151,0.6560693641618497,0.5302469135802469,0.9226638023630505,0.6734613876911015
0.6796503758430482,0.6568951279933939,0.530902348578492,0.9226638023630505,0.6739897999215378
0.6864879269599916,0.6581337737407101,0.5318885448916408,0.9226638023630505,0.6747839748625295
0.6883031740188599,0.6589595375722543,0.532548047117173,0.9226638023630505,0.675314465408805
0.7026489347219469,0.6601981833195706,0.5335403726708075,0.9226638023630505,0.676111767020858
0.7068369903564453,0.6610239471511148,0.5342039800995025,0.9226638023630505,0.6766443481685703
0.7088381929397585,0.6610239471511148,0.5342465753424658,0.9215896885069818,0.6763894363421363
0.7117554867267609,0.6606110652353427,0.5339987523393637,0.9194414607948442,0.675611681136543
0.7147796385288239,0.6614368290668868,0.5346658338538414,0.9194414607948442,0.6761453396524486
0.7219640350341797,0.6626754748142032,0.5356695869837297,0.9194414607948442,0.6769474100434955
0.7256665608584881,0.6626754748142032,0.5357142857142857,0.9183673469387755,0.6766917293233082
0.7345093849897385,0.6635012386457473,0.5363864491844417,0.9183673469387755,0.6772277227722773
0.7403230230808259,0.6639141205615194,0.5367693274670019,0.9172932330827067,0.6772402854877082
0.7476120605468752,0.6647398843930635,0.5374449339207048,0.9172932330827067,0.6777777777777778
0.7525034129619603,0.6659785301403799,0.5384615384615384,0.9172932330827067,0.678585617798967
0.7564961662292481,0.666804293971924,0.5391414141414141,0.9172932330827067,0.6791252485089463
0.7637576103210452,0.6672171758876961,0.5395319418089817,0.916219119226638,0.679140127388535
0.7671378254890442,0.6680429397192403,0.5402153261557948,0.916219119226638,0.6796812749003984
0.7702072098255159,0.6688687035507844,0.5409004438807863,0.916219119226638,0.6802232854864434
0.7781332790851594,0.6692815854665566,0.5412960609911055,0.9151450053705693,0.6802395209580838
0.7800544494986534,0.6701073492981008,0.5419847328244275,0.9151450053705693,0.6807830603276068
0.7829503822326661,0.6705202312138728,0.5423836838750796,0.9140708915145005,0.6808
0.7904647495746613,0.671345995045417,0.5430759412890874,0.9140708915145005,0.6813450760608487
0.7920502204895019,0.6717588769611891,0.5434782608695652,0.9129967776584318,0.6813627254509018
0.8012995469570156,0.6725846407927333,0.5441741357234315,0.9129967776584318,0.681909346169274
0.8112922301292418,0.6734104046242775,0.5448717948717948,0.9129967776584318,0.6824568446407066
0.8225049359798431,0.6738232865400495,0.5452793834296724,0.9119226638023631,0.682475884244373
0.8264797000885009,0.6746490503715937,0.5459807073954984,0.9119226638023631,0.6830249396621078
0.8360013919770718,0.67588769611891,0.5470360824742269,0.9119226638023631,0.6838501812323802
0.8419120025634765,0.67588769611891,0.5470967741935484,0.9108485499462943,0.6835953244659412
0.847100155711174,0.67588769611891,0.5471576227390181,0.9097744360902256,0.6833400564743848
0.8515213236808776,0.6763005780346821,0.5475728155339806,0.9087003222341569,0.6833602584814217
0.8589972567558288,0.6763005780346821,0.5476344782890473,0.907626208378088,0.683104284559418
0.8643911504745485,0.6775392237819984,0.5487012987012987,0.907626208378088,0.6839336301092676
0.8696568995714187,0.6783649876135426,0.5494148244473342,0.907626208378088,0.6844876468205752
0.8707870535850525,0.6796036333608588,0.5504885993485342,0.907626208378088,0.6853203568532036
0.8756920371055603,0.6804293971924029,0.5512067840834964,0.907626208378088,0.6858766233766234
0.8805383262634278,0.6804293971924029,0.5512736773350752,0.9065520945220193,0.685621445978879
0.8851186091899872,0.6808422791081751,0.5517015706806283,0.9054779806659506,0.6856445709638064
0.8887597155570983,0.6816680429397193,0.5524246395806028,0.9054779806659506,0.6862026862026862
0.8976368674039841,0.6829066886870355,0.5535128036769534,0.9054779806659506,0.687041564792176
0.902514718055725,0.6837324525185797,0.5542406311637081,0.9054779806659506,0.6876019575856444
0.9065672210454941,0.684971098265896,0.5553359683794467,0.9054779806659506,0.6884442629644753
0.9089697980880737,0.6857968620974402,0.5560686015831134,0.9054779806659506,0.6890069472823867
0.9111849665641785,0.6866226259289843,0.5568031704095112,0.9054779806659506,0.6895705521472393
0.9151041259765627,0.6878612716763006,0.5579086697551291,0.9054779806659506,0.6904176904176904
0.9277575418651104,0.6886870355078447,0.558648111332008,0.9054779806659506,0.690983606557377
0.9406432766914369,0.6899256812551611,0.5597609561752988,0.9054779806659506,0.6918342224045958
0.947293520927429,0.6899256812551611,0.5598404255319149,0.9044038668098818,0.6915811088295688
0.951800708770752,0.6907514450867052,0.5605858854860186,0.9044038668098818,0.6921496095355528
0.9567530884742738,0.6903385631709331,0.5603735823882589,0.9022556390977443,0.691358024691358
0.9611908013820648,0.6911643270024773,0.561122244488978,0.9022556390977443,0.6919275123558485
0.967350638151169,0.6924029727497936,0.5622489959839357,0.9022556390977443,0.6927835051546392
0.9749232864379882,0.6932287365813378,0.5630026809651475,0.9022556390977443,0.6933553446141147
0.9822931122779848,0.694467382328654,0.5641370047011417,0.9022556390977443,0.6942148760330579
0.9860359039306641,0.694467382328654,0.5642232683254875,0.9011815252416756,0.6939619520264682
0.9907642126679421,0.694467382328654,0.5643097643097643,0.9001074113856069,0.6937086092715232
0.9966762752532959,0.6948802642444261,0.5647773279352226,0.8990332975295381,0.6937422295897223
0.9988379352092743,0.6957060280759703,0.5655405405405406,0.8990332975295381,0.6943177104935712
1.006372981071472,0.6969446738232865,0.5666892349356805,0.8990332975295381,0.6951827242524917
1.0141035176515578,0.6977704376548307,0.5674576271186441,0.8990332975295381,0.6957605985037406
1.0188551292419434,0.6981833195706028,0.5679347826086957,0.8979591836734694,0.6957969205160216
1.0204850516319275,0.6981833195706028,0.5680272108843537,0.8968850698174007,0.6955435235318618
1.0219991784095763,0.699009083402147,0.5688010899182562,0.8968850698174007,0.6961233847436432
1.0275664389133454,0.7002477291494632,0.5699658703071673,0.8968850698174007,0.6969949916527546
1.0292270331382751,0.7010734929810074,0.570745044429255,0.8968850698174007,0.697577276524645
1.0315855436325074,0.7023121387283237,0.571917808219178,0.8968850698174007,0.698452530322041
1.0333337106704712,0.7031379025598679,0.5727023319615913,0.8968850698174007,0.6990372540812055
1.0372786697149279,0.7031379025598679,0.5728021978021978,0.8958109559613319,0.6987850858818601
1.0401204109191897,0.7043765483071841,0.5739848589125947,0.8958109559613319,0.6996644295302014
1.0453092116117477,0.7052023121387283,0.5747760165403171,0.8958109559613319,0.7002518891687658
1.0493071105480196,0.7064409578860446,0.5759668508287292,0.8958109559613319,0.7011349306431274
1.054546053171158,0.7064409578860446,0.5760719225449515,0.8947368421052632,0.7008834665544804
1.0615924406051636,0.7076796036333609,0.5772695772695773,0.8947368421052632,0.7017691659646167
1.0670665597915656,0.708505367464905,0.5780707841776545,0.8947368421052632,0.7023608768971332
1.0837702205181126,0.7093311312964492,0.5788742182070883,0.8947368421052632,0.7029535864978903
1.089052252650261,0.7097440132122214,0.5793871866295265,0.8936627282491945,0.7029995775242923
1.0930831937789918,0.7105697770437654,0.5801952580195258,0.8936627282491945,0.7035940803382664
1.0979451498985293,0.7118084227910817,0.5814116002795248,0.8936627282491945,0.7044877222692634
1.10147068977356,0.7126341866226259,0.58222533240028,0.8936627282491945,0.7050847457627119
1.1071627382040026,0.713047068538398,0.5827489481065918,0.8925886143931256,0.7051336444633008
1.1154859995841984,0.7138728323699421,0.5835674157303371,0.8925886143931256,0.7057324840764331
1.1189370651245119,0.7146985962014863,0.5843881856540084,0.8925886143931256,0.7063323416914578
1.1213666914701463,0.7159372419488026,0.5856236786469344,0.8925886143931256,0.7072340425531914
1.126228193640709,0.7167630057803468,0.5864502470007057,0.8925886143931256,0.7078364565587735
1.1350291490554814,0.717175887696119,0.5869872701555869,0.8915145005370569,0.7078891257995735
1.1482143727540957,0.718001651527663,0.5878186968838527,0.8915145005370569,0.7084933845497225
1.1618501989841459,0.7188274153592072,0.5886524822695035,0.8915145005370569,0.7090986757795814
1.1679887783527374,0.7200660611065235,0.589907604832978,0.8915145005370569,0.7100085543199316
1.1707314133644102,0.7200660611065235,0.5900355871886122,0.8904403866809882,0.7097602739726028
1.1778114612102508,0.7213047068538398,0.5912981455064193,0.8904403866809882,0.7106729532790399
1.1835032997131343,0.7221304706853839,0.5921428571428572,0.8904403866809882,0.7112827112827113
1.1870077848434444,0.7233691164327003,0.5934144595561919,0.8904403866809882,0.7121993127147767
1.1914587745666503,0.7233691164327003,0.5935483870967742,0.8893662728249194,0.7119518486672399
1.1986540794372555,0.7241948802642444,0.5944005743000718,0.8893662728249194,0.7125645438898451
1.201549674987793,0.7246077621800165,0.5949640287769784,0.8882921589688507,0.7126238690219733
1.20949245095253,0.7254335260115607,0.595821325648415,0.8882921589688507,0.7132384648555412
1.2119911928176879,0.7258464079273328,0.5963898916967509,0.8872180451127819,0.7132987910189983
1.2154602247476574,0.726672171758877,0.5972523499638467,0.8872180451127819,0.7139152981849611
1.230215902328491,0.7279108175061932,0.5985507246376811,0.8872180451127819,0.7148420597144094
1.2375998475551606,0.7287365813377374,0.5994194484760522,0.8872180451127819,0.7154612386314422
1.2467724246978762,0.7287365813377374,0.5995639534883721,0.8861439312567132,0.7152145643693107
1.2492687937021254,0.7299752270850537,0.6008739985433358,0.8861439312567132,0.7161458333333334
1.2549434099197385,0.7308009909165979,0.6017505470459519,0.8861439312567132,0.7167680278019114
1.2586630940437316,0.7295623451692815,0.6008771929824561,0.882921589688507,0.7150935189212702
1.2627175750732422,0.7303881090008257,0.6017569546120058,0.882921589688507,0.7157161515019591
1.2655627834796905,0.7312138728323699,0.6026392961876833,0.882921589688507,0.7163398692810458
1.2694629480838775,0.7324525185796862,0.6039676708302718,0.882921589688507,0.7172774869109948
1.2707484142780303,0.7332782824112304,0.6048565121412803,0.882921589688507,0.7179039301310044
1.2807237434387206,0.7336911643270024,0.605457227138643,0.8818474758324383,0.7179711412330564
1.2831751914024354,0.7345169281585466,0.6063515509601182,0.8818474758324383,0.7185995623632385
1.2879806327819827,0.7349298100743188,0.6069578090303479,0.8807733619763695,0.7186678352322524
1.2931683296561238,0.7357555739058629,0.6078576723498889,0.8807733619763695,0.7192982456140351
1.297132863998413,0.7365813377374071,0.6087602078693393,0.8807733619763695,0.7199297629499561
1.302243773341179,0.7378199834847233,0.6101190476190477,0.8807733619763695,0.7208791208791209
1.3087869691848757,0.7386457473162675,0.6110283159463488,0.8807733619763695,0.7215134183897932
1.3183837878108025,0.7398843930635838,0.6123973114264376,0.8807733619763695,0.7224669603524229
1.319950147628784,0.7398843930635838,0.612565445026178,0.8796992481203008,0.7222222222222222
1.3230784163475036,0.7411230388109001,0.6139430284857571,0.8796992481203008,0.7231788079470198
1.3406614601612092,0.7419488026424442,0.6148648648648649,0.8796992481203008,0.7238179407865665
1.3498427970409397,0.7427745664739884,0.6157894736842106,0.8796992481203008,0.7244582043343654
1.35330866765976,0.7440132122213047,0.6171816126601356,0.8796992481203008,0.7254207263064659
1.3573340079784393,0.7448389760528489,0.6181132075471698,0.8796992481203008,0.726063829787234
1.3594462323188783,0.7460776218001651,0.6195158850226928,0.8796992481203008,0.7270306258322237
1.371252580881119,0.7460776218001651,0.6196969696969697,0.878625134264232,0.7267880941803643
1.3757876071929935,0.7469033856317093,0.6206373292867982,0.878625134264232,0.727434415295687
1.3816501384973523,0.7473162675474814,0.6212927756653992,0.8775510204081632,0.7275155832591274
1.3865466837882996,0.7481420313790256,0.6222391469916222,0.8775510204081632,0.7281639928698752
1.3895613044500352,0.7485549132947977,0.6229007633587786,0.8764769065520945,0.7282463186077643
1.4000244450569161,0.7493806771263418,0.6238532110091743,0.8764769065520945,0.7288968289414918
1.4081315535902978,0.7506193228736582,0.6252873563218391,0.8764769065520945,0.7298747763864043
1.412311761379242,0.749793559042114,0.624712202609363,0.874328678839957,0.7287376902417189
1.417172682762146,0.7506193228736582,0.6256725595695619,0.874328678839957,0.7293906810035843
1.4195909442901613,0.7518579686209744,0.6271186440677966,0.874328678839957,0.7303723642889188
1.421168510913849,0.7526837324525186,0.6280864197530864,0.874328678839957,0.7310282891782667
1.4340051703453065,0.7530966143682907,0.62877030162413,0.8732545649838883,0.7311151079136691
1.436005188345909,0.7539223781998349,0.6297443841982959,0.8732545649838883,0.7317731773177317
1.4395213050842286,0.7551610239471511,0.6312111801242236,0.8732545649838883,0.7327625056331681
1.4410803705453874,0.7559867877786953,0.6321928460342147,0.8732545649838883,0.7334235453315291
1.452039921283723,0.7568125516102395,0.633177570093458,0.8732545649838883,0.7340857787810384
1.466015405416489,0.7580511973575558,0.6346604215456675,0.8732545649838883,0.7350813743218807
1.4728865852355957,0.7588769611890999,0.6356528537920251,0.8732545649838883,0.7357466063348417
1.4773497155904771,0.7601156069364162,0.6371473354231975,0.8732545649838883,0.7367467149977345
1.4789032781124116,0.7601156069364162,0.6373626373626373,0.8721804511278195,0.7365079365079366
1.4837534070014955,0.7601156069364162,0.6375786163522013,0.8711063372717508,0.7362687244666364
1.4899886255264283,0.7605284888521883,0.6382978723404256,0.8700322234156821,0.7363636363636363
1.4951057374477388,0.7605284888521883,0.6385161799526441,0.8689581095596133,0.7361237488626023
1.509872128725052,0.7617671345995045,0.6400316455696202,0.8689581095596133,0.7371298405466971
1.5126904511451722,0.7625928984310487,0.6410459587955626,0.8689581095596133,0.7378020975832194
1.5208942341804494,0.763831544178365,0.6425734710087371,0.8689581095596133,0.7388127853881279
1.5367225874662398,0.7646573080099092,0.6435958631662689,0.8689581095596133,0.7394881170018281
1.5484110980033876,0.7646573080099092,0.6438247011952192,0.8678839957035446,0.7392497712717292
1.5640725449323656,0.7658959537572254,0.645367412140575,0.8678839957035446,0.7402656894182318
1.5709613180160515,0.7667217175887696,0.6464,0.8678839957035446,0.7409445208619899
1.5787480825185776,0.7679603633360859,0.6479550922213312,0.8678839957035446,0.7419651056014692
1.5805787682533263,0.7687861271676301,0.648995983935743,0.8678839957035446,0.7426470588235294
1.5903897247314454,0.7691990090834021,0.6497584541062802,0.8668098818474759,0.742751955821445
1.5959074821472166,0.7700247729149463,0.6508064516129032,0.8668098818474759,0.7434362045140488
1.6171756069660166,0.7691990090834021,0.6502423263327949,0.8646616541353384,0.7422775472568004
1.6269523334503173,0.7696118909991743,0.6510121457489878,0.8635875402792696,0.7423822714681441
1.6315031806230544,0.7704376548307185,0.6520681265206812,0.8635875402792696,0.7430683918669131
1.6353644590377812,0.7691990090834021,0.651219512195122,0.8603651987110634,0.7413234613604812
1.6452323341965667,0.7691990090834021,0.6514657980456026,0.8592910848549946,0.7410838351088467
1.6543398666381837,0.7700247729149463,0.6525285481239804,0.8592910848549946,0.7417709782104775
1.659872591793537,0.7712634186622626,0.6541291905151267,0.8592910848549946,0.7428040854224698
1.6671027183532716,0.7720891824938068,0.6552006552006552,0.8592910848549946,0.7434944237918215
1.6785057412385946,0.7716763005780347,0.6551724137931034,0.8571428571428571,0.742671009771987
1.687130038499832,0.7716763005780347,0.6554276315789473,0.8560687432867884,0.7424312994876572
1.6917588343620298,0.7712634186622626,0.6553998351195384,0.8539205155746509,0.7416044776119403
1.6961528658866882,0.7720891824938068,0.6564822460776218,0.8539205155746509,0.742296918767507
1.7080943942070008,0.7720891824938068,0.6567411083540116,0.8528464017185822,0.7420560747663552
1.7223951816558847,0.7716763005780347,0.6567164179104478,0.8506981740064447,0.7412260177819373
1.7307729194164276,0.7725020644095789,0.6578073089700996,0.8506981740064447,0.7419203747072599
1.743948251247406,0.7737407101568952,0.6594504579517069,0.8506981740064447,0.7429643527204502
1.7462345284223557,0.7737407101568952,0.6597164303586321,0.849624060150376,0.7427230046948357
1.747583400964737,0.7749793559042114,0.6613712374581939,0.849624060150376,0.7437705688763516
1.7533387075066567,0.7758051197357556,0.6624790619765494,0.849624060150376,0.7444705882352941
1.7610726747512817,0.7766308835672997,0.6635906040268457,0.849624060150376,0.7451719265190768
1.7641534386873245,0.7778695293146161,0.6652649285113541,0.849624060150376,0.7462264150943396
1.7721526229381563,0.7778695293146161,0.6655433866891323,0.8485499462943072,0.7459867799811143
1.7757218647003175,0.7774566473988439,0.6655405405405406,0.8464017185821697,0.7451536643026004
1.7801863756179817,0.7782824112303881,0.6666666666666666,0.8464017185821697,0.7458589682915286
1.7861936105042695,0.7774566473988439,0.6661016949152543,0.8442534908700322,0.7446707721459024
1.795113268852234,0.7770437654830719,0.6661002548853017,0.8421052631578947,0.7438330170777988
1.8097354859113697,0.7778695293146161,0.6672340425531915,0.8421052631578947,0.7445394112060779
1.8190366580486312,0.7774566473988439,0.6672354948805461,0.8399570354457573,0.743699476937708
1.8376692639589307,0.7782824112303881,0.6683760683760683,0.8399570354457573,0.7444074250356972
1.8464664950370788,0.7778695293146161,0.6683804627249358,0.8378088077336198,0.7435653002859867
1.8532120206952096,0.7786952931461602,0.6695278969957081,0.8378088077336198,0.7442748091603053
1.8576964569091798,0.7786952931461602,0.6698194325021496,0.8367346938775511,0.7440305635148042
1.8661000430881978,0.7799339388934765,0.6715517241379311,0.8367346938775511,0.7450980392156863
1.8753902192115783,0.7799339388934765,0.6718480138169257,0.8356605800214822,0.7448539971278123
1.8821951320171355,0.7803468208092486,0.6727272727272727,0.8345864661654135,0.7449664429530202
1.889135264158249,0.7803468208092486,0.6730268863833477,0.8335123523093448,0.744721689059501
1.8950897671282294,0.7815854665565648,0.6747826086956522,0.8335123523093448,0.7457952907256127
1.9219875552654277,0.782411230388109,0.6759581881533101,0.8335123523093448,0.7465127465127465
1.9328433544635772,0.7832369942196532,0.6771378708551483,0.8335123523093448,0.7472315840154068
1.9478554048538208,0.7844756399669695,0.678915135608049,0.8335123523093448,0.7483124397299904
1.9590960909724238,0.7853014037985137,0.6801051709027169,0.8335123523093448,0.749034749034749
1.973420877456665,0.7857142857142857,0.6810193321616872,0.832438238453276,0.7491541807636539
1.9748851100206375,0.7865400495458299,0.6822183098591549,0.832438238453276,0.7498790517658442
1.9832271103858947,0.7865400495458299,0.6825396825396826,0.8313641245972073,0.749636803874092
1.9968050369024277,0.786952931461602,0.6834659593280283,0.8302900107411385,0.7497575169738119
2.0000795324444773,0.7877786952931461,0.6846767050487157,0.8302900107411385,0.7504854368932039
2.0120441462099556,0.7881915772089183,0.6856127886323268,0.8292158968850698,0.7506076810889645
2.022482968330384,0.7890173410404624,0.6868327402135231,0.8292158968850698,0.751338199513382
2.0268179864883424,0.7902559867877786,0.6886708296164139,0.8292158968850698,0.7524366471734892
2.0412422368526464,0.7902559867877786,0.6890080428954424,0.8281417830290011,0.7521951219512195
2.0503226358890534,0.7902559867877786,0.6893464637421666,0.8270676691729323,0.751953125
2.063927357196808,0.7898431048720066,0.6894075403949731,0.8249194414607949,0.7511002444987775
2.076781306743623,0.7906688687035508,0.6906474820143885,0.8249194414607949,0.7518355359765051
2.0828022612333297,0.791907514450867,0.6925157799819658,0.8249194414607949,0.7529411764705882
2.087424182415009,0.7927332782824112,0.6937669376693767,0.8249194414607949,0.7536800785083415
2.105935768127442,0.7923203963666391,0.6938405797101449,0.8227712137486574,0.7528255528255529
2.124001433849335,0.7923203963666391,0.6941923774954628,0.8216970998925887,0.7525823905558289
2.1298886203765868,0.7923203963666391,0.6945454545454546,0.8206229860365198,0.7523387493845396
2.1433825535774234,0.791907514450867,0.6946216955332726,0.8184747583243824,0.7514792899408284
2.156670100212098,0.7927332782824112,0.6958904109589041,0.8184747583243824,0.7522211253701876
2.1616590725183493,0.7931461601981833,0.6968864468864469,0.8174006444683136,0.7523479980227386
2.1725886166095756,0.7939719240297275,0.6981651376146789,0.8174006444683136,0.7530925284512617
2.200109806790948,0.7947976878612717,0.6994485294117647,0.8174006444683136,0.753838533927687
2.214459902763367,0.7960363336085879,0.7013824884792627,0.8174006444683136,0.7549603174603174
2.2204263449311257,0.7960363336085879,0.7017543859649122,0.8163265306122449,0.7547169811320755
2.240292339235546,0.7972749793559042,0.7037037037037037,0.8163265306122449,0.7558428642466435
2.252009970545769,0.7981007431874484,0.7050092764378478,0.8163265306122449,0.7565953210552514
2.2598570349216462,0.7976878612716763,0.7051162790697675,0.8141783029001074,0.7557328015952144
2.274547652602196,0.7976878612716763,0.7054986020503262,0.8131041890440387,0.7554890219560878
2.3034095723032957,0.7985136251032204,0.7068160597572363,0.8131041890440387,0.7562437562437563
2.310571136549117,0.7997522708505368,0.7088014981273408,0.8131041890440387,0.7573786893446723
2.320827655792237,0.7997522708505368,0.7091932457786116,0.8120300751879699,0.757135703555333
2.333419716194272,0.800990916597853,0.7111947318908749,0.8120300751879699,0.7582748244734202
2.3461586760282516,0.8018166804293972,0.7125353440150801,0.8120300751879699,0.7590361445783133
2.3560170915722862,0.8022295623451693,0.7136105860113422,0.8109559613319012,0.759175465057818
2.3693401002883916,0.8030553261767135,0.7149621212121212,0.8109559613319012,0.7599396074484147
2.382211521416904,0.8030553261767135,0.715370018975332,0.8098818474758325,0.7596977329974811
2.396280076295138,0.8026424442609413,0.7155090390104663,0.807733619763695,0.7588294651866802
2.4074131771922116,0.8026424442609413,0.7159199237368923,0.8066595059076263,0.7585858585858586
2.412826720237733,0.8022295623451693,0.7160611854684512,0.8045112781954887,0.7577137076378351
2.427734206497672,0.8014037985136251,0.7155172413793104,0.8023630504833512,0.7564556962025316
2.4426008075475703,0.8022295623451693,0.716890595009597,0.8023630504833512,0.7572225038013178
2.4568167835474015,0.8018166804293972,0.7170356111645814,0.8002148227712137,0.7563451776649747
2.466569468587638,0.8026424442609413,0.7184185149469624,0.8002148227712137,0.7571138211382114
2.4771737980246553,0.8038810900082577,0.7205029013539652,0.8002148227712137,0.7582697201017812
2.4921765733957306,0.8030553261767135,0.7199612403100775,0.7980665950590763,0.7570045848191543
2.5075401976704623,0.8034682080924855,0.7210884353741497,0.7969924812030075,0.7571428571428571
2.52094564819336,0.8026424442609413,0.7205452775073028,0.7948442534908701,0.7558733401430031
2.5419698341339814,0.8034682080924855,0.7219512195121951,0.7948442534908701,0.7566462167689162
2.5662068109512326,0.8047068538398018,0.7240704500978473,0.7948442534908701,0.7578084997439836
2.582400054931641,0.8047068538398018,0.7245098039215686,0.7937701396348013,0.7575602255253716
2.588061103820799,0.8051197357555739,0.7256637168141593,0.7926960257787325,0.757700205338809
2.598368943929672,0.8042939719240297,0.7251231527093596,0.790547798066595,0.7564234326824255
2.6081836652755737,0.805532617671346,0.7272727272727273,0.790547798066595,0.7575913535769428
2.633183369159698,0.805532617671346,0.7277227722772277,0.7894736842105263,0.7573415765069552
2.6570729331970195,0.8063583815028902,0.7291666666666666,0.7894736842105263,0.7581227436823105
2.66108239620924,0.8067712634186622,0.7303482587064677,0.7883995703544576,0.7582644628099173
2.666348538890481,0.8067712634186622,0.7308075772681955,0.7873254564983888,0.7580144777662875
2.670895332455635,0.8063583815028902,0.731,0.7851772287862513,0.7571206628689798
2.676444592475891,0.8063583815028902,0.7314629258517034,0.7841031149301826,0.7568688439606014
2.6856116657257068,0.8063583815028902,0.7319277108433735,0.7830290010741139,0.7566165023352361
2.688545655608177,0.8075970272502064,0.7341389728096677,0.7830290010741139,0.7577962577962578
2.712705191850662,0.8084227910817506,0.7356205852674067,0.7830290010741139,0.7585848074921956
2.7220392084121703,0.8096614368290669,0.7378542510121457,0.7830290010741139,0.7597707139134966
2.727862324029207,0.8104872006606111,0.7393509127789046,0.7830290010741139,0.7605633802816901
2.753489523172378,0.8117258464079273,0.7416073245167853,0.7830290010741139,0.7617554858934169
2.7632137429714203,0.8125516102394715,0.7431192660550459,0.7830290010741139,0.7625523012552301
2.7734694972038265,0.8125516102394715,0.7436159346271706,0.7819548872180451,0.762303664921466
2.7754216327667236,0.8129644921552436,0.7448770491803278,0.7808807733619764,0.7624541164132145
2.7841068625450136,0.8137902559867878,0.7464065708418891,0.7808807733619764,0.763254593175853
2.813313214957713,0.8142031379025598,0.7476828012358393,0.7798066595059077,0.7634069400630915
2.8216114997863766,0.815028901734104,0.7492260061919505,0.7798066595059077,0.7642105263157895
2.8346760387420655,0.8162675474814203,0.7515527950310559,0.7798066595059077,0.7654190827622562
2.845302992463112,0.8170933113129645,0.7531120331950207,0.7798066595059077,0.7662269129287599
2.866163571238519,0.8170933113129645,0.7536382536382537,0.7787325456498388,0.7659799260433174
2.8782695529460907,0.8175061932287366,0.7549530761209593,0.7776584317937701,0.7661375661375661
2.895426644533872,0.8175061932287366,0.7554858934169278,0.7765843179377014,0.7658898305084746
2.912293358132243,0.8179190751445087,0.7568134171907757,0.7755102040816326,0.7660477453580902
2.914647859312594,0.8187448389760529,0.7584033613445378,0.7755102040816326,0.7668613913967074
2.9251382770538337,0.8195706028075971,0.76,0.7755102040816326,0.7676767676767676
2.9348832105398177,0.8199834847233691,0.7613516367476241,0.7744360902255639,0.7678381256656017
2.9416488027572627,0.8199834847233691,0.7619047619047619,0.7733619763694952,0.767590618336887
2.9485631892830133,0.8195706028075971,0.7622080679405521,0.7712137486573577,0.7666844634276562
2.9566000330448152,0.8203963666391412,0.7638297872340426,0.7712137486573577,0.7675040085515767
2.964305723726748,0.8199834847233691,0.7641408751334045,0.7690655209452202,0.7665952890792291
2.9786926088333128,0.8208092485549133,0.7657754010695187,0.7690655209452202,0.767416934619507
2.982846629321575,0.8216350123864574,0.767416934619507,0.7690655209452202,0.7682403433476395
2.9861638534665107,0.8220478943022296,0.7688172043010753,0.7679914070891515,0.7684040838259001
2.992810563325882,0.8220478943022296,0.7693965517241379,0.7669172932330827,0.7681549220010758
2.9981800139769907,0.8216350123864574,0.7697297297297298,0.7647690655209453,0.7672413793103449
3.01436868059635,0.8208092485549133,0.7692307692307693,0.7626208378088077,0.7659115426105717
3.033369288444519,0.8212221304706854,0.7706521739130435,0.761546723952739,0.7660723933009185
3.046785779505968,0.8203963666391412,0.7701525054466231,0.7593984962406015,0.76473769605192
3.0587566691637047,0.8203963666391412,0.7707423580786026,0.7583243823845328,0.7644829453167298
3.067864859342574,0.8199834847233691,0.7710843373493976,0.7561761546723953,0.7635574837310195
3.077064248085022,0.8208092485549133,0.7727771679473107,0.7561761546723953,0.7643865363735071
3.0796536803245544,0.8212221304706854,0.7742290748898678,0.7551020408163265,0.7645459488852637
3.084968210935593,0.8212221304706854,0.7748344370860927,0.7540279269602578,0.7642896026129559
3.0918833042383196,0.8212221304706854,0.7754424778761062,0.7529538131041891,0.7640326975476839
3.118871266841887,0.8208092485549133,0.7758046614872364,0.7508055853920516,0.7631004366812227
3.150701554045081,0.8216350123864574,0.7775305895439377,0.7508055853920516,0.7639344262295082
3.1683239901065825,0.8212221304706854,0.7779017857142857,0.748657357679914,0.7629994526546251
3.174742542207241,0.8220478943022296,0.7796420581655481,0.748657357679914,0.7638356164383562
3.2017959289550784,0.8232865400495458,0.7822671156004489,0.748657357679914,0.7650933040614709
3.21046290525794,0.8232865400495458,0.7829021372328459,0.7475832438238453,0.7648351648351648
3.2261130282878874,0.82411230388109,0.7846674182638106,0.7475832438238453,0.7656765676567657
3.233492414057255,0.8245251857968621,0.7861990950226244,0.7465091299677766,0.7658402203856749
3.258616751909256,0.8236994219653179,0.7857142857142857,0.7443609022556391,0.7644787644787645
3.2654275889992714,0.82411230388109,0.7872582480091013,0.7432867883995704,0.7646408839779005
3.285317254543304,0.8249380677126342,0.7890535917901939,0.7432867883995704,0.7654867256637168
3.297627744317055,0.8253509496284063,0.7906178489702517,0.7422126745435016,0.7656509695290858
3.317733602523804,0.8261767134599505,0.7924311926605505,0.7422126745435016,0.7665002773155851
3.3261967342048884,0.8270024772914947,0.7942528735632184,0.7422126745435016,0.7673514714047751
3.332539995253086,0.8265895953757225,0.7946943483275664,0.7400644468313641,0.7664071190211346
3.341909139290452,0.8265895953757225,0.7953757225433526,0.7389903329752954,0.7661469933184856
3.3480420112609863,0.8261767134599505,0.7958236658932715,0.7368421052631579,0.7651979921918572
3.355083460211754,0.8253509496284063,0.7953488372093023,0.7346938775510204,0.7638190954773869
3.3618498756140474,0.8245251857968621,0.7948717948717948,0.7325456498388829,0.7624371157070989
3.4162025743722912,0.8249380677126342,0.7964912280701755,0.7314715359828142,0.7625979843225084
3.4228153886795045,0.8249380677126342,0.7971864009378663,0.7303974221267454,0.7623318385650224
3.4455906053930523,0.8245251857968621,0.7976470588235294,0.728249194414608,0.7613700168444694
3.466751757264138,0.8253509496284063,0.7995283018867925,0.728249194414608,0.7622259696458684
3.4811820787191414,0.82411230388109,0.7988165680473372,0.7250268528464017,0.7601351351351351
3.5114445254802704,0.8249380677126342,0.800711743772242,0.7250268528464017,0.7609921082299888
3.5258339847959577,0.8249380677126342,0.8014268727705113,0.723952738990333,0.7607223476297968
3.548489936828614,0.8245251857968621,0.801909307875895,0.7218045112781954,0.7597512719050311
3.5633382651209837,0.8245251857968621,0.8026315789473685,0.7207303974221267,0.7594793435200905
3.579381698608399,0.82411230388109,0.8031212484993998,0.7185821697099892,0.7585034013605442
3.590600821442902,0.8232865400495458,0.802647412755716,0.7164339419978518,0.757094211123723
3.6020078229904176,0.8236994219653179,0.8043478260869565,0.715359828141783,0.7572484366117112
3.6129261066913605,0.8245251857968621,0.8062953995157385,0.715359828141783,0.7581104154809334
3.6429728820919993,0.8245251857968621,0.8070388349514563,0.7142857142857143,0.7578347578347578
3.6549058753028523,0.8249380677126342,0.8087697929354446,0.7132116004296455,0.7579908675799086
3.6840366832017897,0.8257638315441783,0.8107448107448108,0.7132116004296455,0.7588571428571429
3.7066706768870366,0.8253509496284063,0.8112745098039216,0.7110633727175081,0.7578706353749285
3.7383721680641173,0.8253509496284063,0.812039312039312,0.7099892588614393,0.757593123209169
3.752762258052827,0.8261767134599505,0.8140394088669951,0.7099892588614393,0.7584624211130235
3.7734871364831926,0.8257638315441783,0.8145859085290482,0.7078410311493019,0.7574712643678161
3.7821520327329634,0.8249380677126342,0.8141263940520446,0.7056928034371643,0.7560414269275029
3.7899653191566474,0.8253509496284063,0.8159203980099502,0.7046186895810956,0.7561959654178675
3.798070001125336,0.8253509496284063,0.816708229426434,0.7035445757250268,0.7559145989613387
3.8104684221744543,0.8257638315441783,0.818523153942428,0.7024704618689581,0.7560693641618497
3.822166169285774,0.8265895953757225,0.820577164366374,0.7024704618689581,0.7569444444444444
3.847500559091568,0.8265895953757225,0.8213836477987422,0.7013963480128894,0.7566628041714948
3.877871587961913,0.8261767134599505,0.821969696969697,0.6992481203007519,0.7556587347649448
3.901822771407666,0.8253509496284063,0.8215189873417722,0.6970998925886144,0.7542126670540383
3.9213575661182407,0.82411230388109,0.820838627700127,0.6938775510204082,0.7520372526193247
3.9319356410503388,0.8249380677126342,0.8229299363057325,0.6938775510204082,0.752913752913753
3.953874879986048,0.8236994219653179,0.8222506393861893,0.6906552094522019,0.7507297139521307
3.970803696036339,0.8236994219653179,0.823076923076923,0.6895810955961332,0.7504383401519579
3.9779071611464025,0.8228736581337738,0.8226221079691517,0.6874328678839957,0.7489760093622001
3.9844816708564776,0.8216350123864574,0.8219354838709677,0.6842105263157895,0.7467760844079718
4.0038922024667265,0.8216350123864574,0.8227684346701164,0.6831364124597207,0.7464788732394366
4.032900151140988,0.8203963666391412,0.8220779220779221,0.6799140708915145,0.7442680776014109
4.0534710319340235,0.8203963666391412,0.8229166666666666,0.6788399570354458,0.7439670394349618
4.071803973451258,0.8203963666391412,0.8237597911227154,0.677765843179377,0.7436652916912198
4.0871384089440115,0.8199834847233691,0.8243774574049804,0.6756176154672395,0.7426210153482881
4.103540570437908,0.8199834847233691,0.8252299605781866,0.6745435016111708,0.7423167848699763
4.11216378323734,0.8187448389760529,0.8245382585751979,0.6713211600429646,0.7400828892835998
4.1499892747402205,0.8195706028075971,0.8267195767195767,0.6713211600429646,0.7409602845287493
4.166440622568133,0.8208092485549133,0.8300132802124834,0.6713211600429646,0.7422802850356295
4.194245114326481,0.8216350123864574,0.8322237017310253,0.6713211600429646,0.7431629013079667
4.221854042790831,0.8224607762180016,0.8344459279038718,0.6713211600429646,0.7440476190476191
4.227978538379073,0.8212221304706854,0.8337801608579088,0.6680988184747583,0.7418008348240906
4.237678381443025,0.8203963666391412,0.8333333333333334,0.6659505907626209,0.7402985074626866
4.243436812534929,0.8191577208918249,0.8326585695006747,0.6627282491944146,0.7380382775119617
4.257594601511959,0.8199834847233691,0.8349120433017592,0.6627282491944146,0.7389221556886227
4.267351668834687,0.8195706028075971,0.8355978260869565,0.6605800214822771,0.7378524295140971
4.274742298066616,0.8195706028075971,0.8365122615803815,0.6595059076262084,0.7375375375375376
4.284913927555086,0.8195706028075971,0.837431693989071,0.6584317937701396,0.7372218881539386
4.300329344170168,0.8191577208918249,0.8381344307270233,0.6562835660580022,0.736144578313253
4.3112958014011395,0.8191577208918249,0.8390646492434664,0.6552094522019334,0.7358262967430639
4.327672728717327,0.8203963666391412,0.8425414364640884,0.6552094522019334,0.7371601208459214
4.340237778723241,0.8212221304706854,0.8448753462603878,0.6552094522019334,0.7380520266182699
4.380292382657529,0.8212221304706854,0.8458333333333333,0.6541353383458647,0.7377347062386432
4.383695756018162,0.8208092485549133,0.8465829846582985,0.6519871106337272,0.7366504854368932
4.397498447597026,0.8208092485549133,0.8475524475524475,0.6509129967776585,0.7363304981773997
4.412394184589384,0.8195706028075971,0.8469101123595506,0.6476906552094522,0.7340231284236154
4.428895958036184,0.8195706028075971,0.847887323943662,0.6466165413533834,0.7336989640463132
4.439964357346296,0.8191577208918249,0.8486562942008486,0.644468313641246,0.7326007326007326
4.485023719727991,0.8183319570602807,0.8482269503546099,0.6423200859291085,0.7310513447432763
4.507660087198017,0.8175061932287366,0.8477951635846372,0.640171858216971,0.7294981640146879
4.523059319406747,0.8162675474814203,0.8471428571428572,0.6369495166487648,0.727161250766401
4.540275881767273,0.8162675474814203,0.8481375358166189,0.635875402792696,0.7268262737875998
4.543933067560196,0.8166804293971924,0.8503597122302158,0.6348012889366272,0.7269372693726938
4.554751739382743,0.8166804293971924,0.8513708513708513,0.6337271750805585,0.7266009852216748
4.574771931916475,0.8162675474814203,0.8521739130434782,0.631578947368421,0.7254780999383097
4.579303810358047,0.8162675474814203,0.8531976744186046,0.6305048335123523,0.7251389746757257
4.585620148584247,0.8154417836498762,0.8527696793002916,0.6283566058002148,0.7235621521335807
4.610140607506037,0.815028901734104,0.8535871156661786,0.6262083780880774,0.7224287484510533
4.619730605952442,0.815028901734104,0.8546255506607929,0.6251342642320086,0.7220843672456576
4.625124280452728,0.8137902559867878,0.8539823008849557,0.6219119226638024,0.7197016780609073
4.6313361753672355,0.8137902559867878,0.8550295857988166,0.6208378088077336,0.7193528313627878
4.663427663087845,0.8137902559867878,0.8560830860534124,0.6197636949516648,0.7190031152647975
4.696147365272045,0.815028901734104,0.8599105812220567,0.6197636949516648,0.7203495630461922
4.73049834537506,0.8142031379025598,0.85949177877429,0.6176154672395274,0.71875
4.750625050067901,0.8137902559867878,0.8603603603603603,0.6154672395273899,0.7175954915466499
4.756512886583805,0.814616019818332,0.8629518072289156,0.6154672395273899,0.7184952978056426
4.760095914479345,0.8133773740710157,0.8623298033282905,0.6122448979591837,0.7160804020100503
4.765742343455553,0.8142031379025598,0.8649468892261002,0.6122448979591837,0.7169811320754716
4.795170476973056,0.8142031379025598,0.8660578386605784,0.611170784103115,0.716624685138539
4.80878919929266,0.8129644921552436,0.8654434250764526,0.6079484425349087,0.7141955835962145
4.8112444473207,0.8129644921552436,0.8665644171779141,0.60687432867884,0.7138344914718888
4.819434728339314,0.8125516102394715,0.8674884437596302,0.6047261009667024,0.7126582278481013
4.827241678133607,0.8125516102394715,0.8686244204018547,0.6036519871106337,0.7122940430925222
4.84128367383778,0.8113129644921553,0.8680124223602484,0.6004296455424275,0.7098412698412698
4.853042964190244,0.8104872006606111,0.867601246105919,0.59828141783029,0.7082008900190718
4.878482864975929,0.8096614368290669,0.8671875,0.5961331901181526,0.7065563335455124
4.891699374303222,0.8092485549132948,0.8681318681318682,0.5939849624060151,0.7053571428571429
4.92333732566237,0.8084227910817506,0.8677165354330708,0.5918367346938775,0.7037037037037037
4.954750114440918,0.8080099091659785,0.8686708860759493,0.58968850698174,0.7024952015355086
4.9871177023649205,0.8088356729975227,0.8714285714285714,0.58968850698174,0.7033952594490711
5.033696073539555,0.8096614368290669,0.8742038216560509,0.58968850698174,0.7042976266837716
5.058370173931122,0.8092485549132948,0.8752,0.5875402792696026,0.7030848329048843
5.069727251932025,0.8084227910817506,0.8747993579454254,0.5853920515574651,0.7014157014157014
5.075606229782104,0.8080099091659785,0.8758064516129033,0.5832438238453276,0.7001934235976789
5.095589001327753,0.8071841453344344,0.8754045307443366,0.5810955961331902,0.6985151710781149
5.11815476346016,0.8067712634186622,0.8764227642276423,0.5789473684210527,0.6972833117723156
5.135004302463495,0.805945499587118,0.8760195758564437,0.5767991407089151,0.6955958549222798
5.141888433218002,0.805945499587118,0.8772504091653028,0.5757250268528464,0.695201037613489
5.157885354563593,0.8047068538398018,0.8766447368421053,0.5725026852846402,0.6926575698505523
5.171083033084869,0.8047068538398018,0.8778877887788779,0.5714285714285714,0.6922576447625244
5.183332866668701,0.8034682080924855,0.8772802653399668,0.5682062298603652,0.6897001303780965
5.208273708224297,0.8026424442609413,0.8768718801996672,0.5660580021482277,0.6879895561357703
5.213474588755518,0.8014037985136251,0.8762541806020067,0.5628356605800214,0.6854153041203401
5.233125644087791,0.8014037985136251,0.87751677852349,0.5617615467239527,0.685003274394237
5.2556992042809725,0.8014037985136251,0.8787878787878788,0.560687432867884,0.6845901639344262
5.306594363451005,0.800990916597853,0.8798646362098139,0.5585392051557465,0.683311432325887
5.342097644746305,0.800990916597853,0.8811544991511036,0.5574650912996778,0.6828947368421052
5.352158792003989,0.8005780346820809,0.8822525597269625,0.5553168635875403,0.6816084377059987
5.390341687764972,0.8005780346820809,0.8835616438356164,0.5542427497314716,0.6811881188118812
5.427719686031343,0.8005780346820809,0.8848797250859106,0.5531686358754028,0.6807666886979511
5.447515689885245,0.7993393889347646,0.8842832469775475,0.5499462943071965,0.6781456953642384
5.499325972482567,0.7993393889347646,0.8856152512998267,0.5488721804511278,0.6777188328912467
5.525000893644989,0.7981007431874484,0.8850174216027874,0.5456498388829216,0.6750830564784053
5.535589837253093,0.7972749793559042,0.8846153846153846,0.5435016111707841,0.6733200266134398
5.543187361545861,0.7960363336085879,0.8840070298769771,0.5402792696025779,0.6706666666666666
5.5651943343877806,0.7960363336085879,0.8853615520282186,0.5392051557465092,0.6702269692923899
5.583756557511165,0.7960363336085879,0.8867256637168142,0.5381310418904404,0.6697860962566845
5.591763504981994,0.7956234516928159,0.8879003558718861,0.5359828141783028,0.6684527796383122
5.614808116983623,0.7947976878612717,0.8875,0.5338345864661654,0.6666666666666666
5.634919476099312,0.7943848059454995,0.8886894075403949,0.5316863587540279,0.6653225806451613
5.637058484785259,0.7935590421139554,0.8882882882882883,0.5295381310418904,0.6635262449528937
5.649087785243987,0.7923203963666391,0.8876811594202898,0.5263157894736842,0.6608226567768037
5.671608779859263,0.791494632535095,0.8872727272727273,0.5241675617615468,0.6590141796083727
5.696354065403343,0.791494632535095,0.8886861313868614,0.523093447905478,0.658553076402975
5.725357197225096,0.7910817506193228,0.8899082568807339,0.5209452201933404,0.6571815718157181
5.763393869638445,0.7902559867877786,0.8895027624309392,0.518796992481203,0.655359565807327
5.780339668154716,0.7898431048720066,0.8907407407407407,0.5166487647690655,0.6539768864717879
5.799630358673633,0.7890173410404624,0.8903345724907064,0.514500537056928,0.65214431586113
5.828879478812218,0.7890173410404624,0.8917910447761194,0.5134264232008593,0.6516700749829584
5.842595802396538,0.7877786952931461,0.8911819887429644,0.5102040816326531,0.6489071038251366
5.875599180359397,0.786952931461602,0.8907721280602636,0.5080558539205156,0.6470588235294118
5.906598702020943,0.7857142857142857,0.8901515151515151,0.5048335123523093,0.6442769019876627
5.913511106193066,0.7848885218827415,0.8897338403041825,0.5026852846401718,0.6424159231297186
5.9609009661674515,0.7853014037985137,0.892925430210325,0.5016111707841031,0.6423658872077029
5.982355064861476,0.7844756399669695,0.8925143953934741,0.49946294307196565,0.640495867768595
6.010843510985379,0.7844756399669695,0.8940269749518305,0.4983888292158969,0.64
6.026796288490296,0.7832369942196532,0.8934108527131783,0.49516648764769067,0.6371803731859018
6.049314633905888,0.7840627580511974,0.896887159533074,0.49516648764769067,0.6380622837370242
6.060341958016157,0.782824112303881,0.8962818003913894,0.49194414607948445,0.6352288488210819
6.0769528871774705,0.781998348472337,0.8958742632612967,0.4897959183673469,0.6333333333333333
6.101576385229827,0.7807597027250206,0.8952569169960475,0.4865735767991407,0.6304801670146137
6.130864387787879,0.7807597027250206,0.8968253968253969,0.48549946294307195,0.6299651567944251
6.149890583688394,0.7799339388934765,0.896414342629482,0.4833512352309345,0.6280530355896721
6.164732250213624,0.7786952931461602,0.8957915831663327,0.48012889366272826,0.6251748251748251
6.182897213995458,0.7778695293146161,0.8953722334004024,0.47798066595059074,0.623249299719888
6.202915793776512,0.7766308835672997,0.8947368421052632,0.4747583243823845,0.6203508771929824
6.252393106520176,0.7758051197357556,0.8943089430894309,0.47261009667024706,0.6184118060435699
6.267097797829658,0.7758051197357556,0.8959183673469387,0.4715359828141783,0.6178747361013371
6.284415807180107,0.7745664739884393,0.8952772073921971,0.4683136412459721,0.614950634696756
6.291468933224678,0.7745664739884393,0.8969072164948454,0.4672395273899033,0.614406779661017
6.300463041603566,0.773327828241123,0.8962655601659751,0.4640171858216971,0.6114649681528662
6.306033805305138,0.7725020644095789,0.8958333333333334,0.46186895810955964,0.6094968107725017
6.324173171876931,0.7720891824938068,0.8972746331236897,0.4597207303974221,0.6079545454545454
6.360275304559619,0.7720891824938068,0.8989473684210526,0.45864661654135336,0.6073968705547653
6.385900112476668,0.7720891824938068,0.9006342494714588,0.45757250268528465,0.6068376068376068
6.402817998528481,0.7708505367464905,0.9,0.45435016111707843,0.6038543897216274
6.419539145942777,0.7700247729149463,0.8995726495726496,0.4522019334049409,0.6018584703359543
6.4410066256523155,0.7704376548307185,0.9032258064516129,0.45112781954887216,0.6017191977077364
6.474252705663444,0.7704376548307185,0.9049676025917927,0.45005370569280345,0.6011477761836442
6.498698175027967,0.7700247729149463,0.9065217391304348,0.44790547798066593,0.599568655643422
6.506373794307932,0.7691990090834021,0.9061135371179039,0.44575725026852847,0.597552195824334
6.514521708445624,0.768373245251858,0.9057017543859649,0.44360902255639095,0.5955299206921413
6.541668987687678,0.7679603633360859,0.9072847682119205,0.4414607948442535,0.5939306358381503
6.549375568445772,0.7671345995045417,0.9068736141906873,0.439312567132116,0.5918958031837916
6.560196584518999,0.7658959537572254,0.90625,0.43609022556390975,0.5888324873096447
6.571849577367306,0.7658959537572254,0.9080717488789237,0.43501611170784105,0.5882352941176471
6.607414000993595,0.7658959537572254,0.9099099099099099,0.4339419978517723,0.5876363636363636
6.634970132350924,0.7646573080099092,0.909297052154195,0.43071965628356607,0.5845481049562682
6.664001985849815,0.763831544178365,0.908883826879271,0.42857142857142855,0.5824817518248175
6.680115475934008,0.7642444260941371,0.9128440366972477,0.42749731471535984,0.5822970007315289
6.722186199992896,0.7634186622625929,0.9124423963133641,0.4253490870032223,0.5802197802197803
6.734144864387813,0.7630057803468208,0.91415313225058,0.42320085929108486,0.57856093979442
6.764397855460647,0.7621800165152767,0.9137529137529138,0.42105263157894735,0.5764705882352941
6.8060158191919395,0.7613542526837325,0.9133489461358314,0.4189044038668099,0.5743740795287187
6.847449788451197,0.7617671345995045,0.9174528301886793,0.4178302900107411,0.574169741697417
6.872050631573425,0.7609413707679603,0.9170616113744076,0.41568206229860366,0.5720620842572062
6.88673814868182,0.7605284888521883,0.918854415274463,0.41353383458646614,0.5703703703703704
6.9067375423684725,0.7605284888521883,0.920863309352518,0.41245972073039744,0.56973293768546
6.920155015554279,0.759289843104872,0.9202898550724637,0.4092373791621912,0.566542750929368
6.930558461621404,0.7584640792733278,0.9199029126213593,0.4070891514500537,0.5644080416976918
6.94901143084001,0.7584640792733278,0.9219512195121952,0.40601503759398494,0.5637583892617449
6.984923788383606,0.7580511973575558,0.9238329238329238,0.4038668098818475,0.5620328849028401
6.998885396957397,0.7572254335260116,0.9234567901234568,0.40171858216971,0.5598802395209581
7.011694375596939,0.7559867877786953,0.9228855721393034,0.39849624060150374,0.5566391597899475
7.024732507318257,0.7551610239471511,0.9225,0.3963480128893663,0.5544703230653644
7.070892429456113,0.7543352601156069,0.9221105527638191,0.3941997851772288,0.5522949586155004
7.091996372126042,0.7547481420313791,0.9265822784810127,0.39312567132116005,0.5520361990950227
7.134458086073399,0.7539223781998349,0.926208651399491,0.39097744360902253,0.5498489425981873
7.148385075032711,0.7526837324525186,0.9256410256410257,0.3877551020408163,0.546555639666919
7.176146402359008,0.7518579686209744,0.9252577319587629,0.38560687432867885,0.5443517816527672
7.201590674025588,0.7506193228736582,0.9246753246753247,0.38238453276047263,0.541033434650456
7.228374713681638,0.7506193228736582,0.9268929503916449,0.38131041890440387,0.5403348554033486
7.248001210906077,0.749793559042114,0.926509186351706,0.3791621911922664,0.538109756097561
7.274024584084747,0.7485549132947977,0.9259259259259259,0.37593984962406013,0.5347593582887701
7.302193873822689,0.7477291494632535,0.925531914893617,0.37379162191192267,0.5325172149961744
7.350097921937701,0.7464905037159373,0.9249329758713136,0.37056928034371645,0.5291411042944786
7.368394449813291,0.7464905037159373,0.9272237196765498,0.3694951664876477,0.5284178187403994
7.410192825078963,0.7452518579686209,0.9266304347826086,0.36627282491944146,0.5250192455735181
7.42324328494072,0.7444260941370768,0.9262295081967213,0.364124597207304,0.5227447956823439
7.436002375930547,0.7436003303055326,0.9258241758241759,0.3619763694951665,0.5204633204633204
7.456202821824698,0.7423616845582164,0.925207756232687,0.35875402792696026,0.5170278637770898
7.484361350946128,0.7415359207266722,0.924791086350975,0.35660580021482274,0.5147286821705427
7.5208250785171975,0.7402972749793559,0.9241573033707865,0.3533834586466165,0.5112665112665112
7.536191666349769,0.7394715111478117,0.923728813559322,0.35123523093447906,0.5089494163424124
7.5652279330790035,0.7386457473162675,0.9232954545454546,0.34908700322234154,0.5066250974279034
7.585281934246419,0.7374071015689513,0.9226361031518625,0.3458646616541353,0.503125
7.6130020252689725,0.7374071015689513,0.9250720461095101,0.3447905477980666,0.5023474178403756
7.65263643863052,0.7369942196531792,0.9273255813953488,0.3426423200859291,0.5003921568627451
7.673502494812014,0.736168455821635,0.9269005847953217,0.34049409237379163,0.49803613511390415
7.706266609504818,0.7349298100743188,0.9262536873156342,0.3372717508055854,0.494488188976378
7.738591405714395,0.7341040462427746,0.9258160237388724,0.3351235230934479,0.4921135646687697
7.74434786837548,0.7332782824112304,0.9253731343283582,0.33297529538131043,0.48973143759873616
7.757772222358732,0.7320396366639141,0.9246987951807228,0.3297529538131042,0.48614410134600156
7.798521126747135,0.7312138728323699,0.9242424242424242,0.3276047261009667,0.4837430610626487
7.829704945385456,0.7299752270850537,0.9235474006116208,0.32438238453276047,0.48012718600953896
7.847947812974453,0.7291494632535095,0.9230769230769231,0.322234156820623,0.47770700636942676
7.884372739002575,0.7287365813377374,0.9254658385093167,0.3200859291084855,0.475658419792498
7.909684596896171,0.7287365813377374,0.928125,0.31901181525241673,0.4748201438848921
7.922510003924371,0.7279108175061932,0.9276729559748428,0.31686358754027927,0.4723779023218575
7.929460524059832,0.726672171758877,0.926984126984127,0.31364124597207305,0.46869983948635635
7.95336946889758,0.7258464079273328,0.9265175718849841,0.31149301825993553,0.4662379421221865
7.985703865766526,0.7254335260115607,0.9290322580645162,0.30934479054779807,0.46414182111200647
7.995754409782588,0.7246077621800165,0.9285714285714286,0.3071965628356606,0.46166263115415657
8.01669676770037,0.7237819983484723,0.9281045751633987,0.3050483351235231,0.45917542441390463
8.036814084043726,0.7225433526011561,0.9273927392739274,0.30182599355531686,0.4554294975688817
8.057694255888459,0.7217175887696119,0.9269102990033222,0.2996777658431794,0.45292207792207795
8.093017150456088,0.7204789430222956,0.9261744966442953,0.2964554242749731,0.44914564686737185
8.11779023873806,0.7196531791907514,0.9256756756756757,0.29430719656283566,0.44661776691116545
8.212182390630247,0.7184145334434352,0.9249146757679181,0.29108485499462944,0.44281045751633985
8.229353873729707,0.717588769611891,0.9243986254295533,0.2889366272824919,0.4402618657937807
8.246805571377276,0.717588769611891,0.9273356401384083,0.2878625134264232,0.43934426229508194
8.258579173468053,0.7163501238645748,0.9265734265734266,0.284640171858217,0.4354971240755957
8.29142608384043,0.7155243600330305,0.926056338028169,0.2824919441460795,0.43292181069958846
8.34256498089433,0.7151114781172585,0.9288256227758007,0.280343716433942,0.4306930693069307
8.359528264980764,0.7142857142857143,0.9283154121863799,0.2781954887218045,0.428099173553719
8.397740535780786,0.713047068538398,0.927536231884058,0.2749731471535983,0.424192212096106
8.426088835723702,0.713047068538398,0.9306569343065694,0.2738990332975295,0.42323651452282157
8.457782788038253,0.7122213047068539,0.9301470588235294,0.27175080558539205,0.42061512884455526
8.479591437461554,0.7109826589595376,0.929368029739777,0.26852846401718583,0.4166666666666667
8.485109606240876,0.7101568951279934,0.9288389513108615,0.2663802363050483,0.41402337228714525
8.500093657672405,0.7097440132122214,0.9318181818181818,0.26423200859291085,0.4117154811715481
8.517002684116363,0.7089182493806772,0.9312977099236641,0.2620837808807734,0.4090528080469405
8.537235398598014,0.7089182493806772,0.9346153846153846,0.26100966702470463,0.4080604534005038
8.608843510985375,0.7076796036333609,0.933852140077821,0.2577873254564984,0.40404040404040403
8.64177369755693,0.7068538398018167,0.9333333333333333,0.2556390977443609,0.40134907251264756
8.652302986145019,0.7056151940545005,0.9325396825396826,0.25241675617615467,0.3972950126796281
8.661500998195262,0.7047894302229563,0.932,0.2502685284640172,0.39458086367485184
8.683135791569947,0.70355078447564,0.9311740890688259,0.24704618689581095,0.3904923599320883
8.725042163535953,0.7027250206440958,0.9306122448979591,0.24489795918367346,0.3877551020408163
8.792980062216524,0.7018992568125516,0.9300411522633745,0.24274973147153597,0.3850085178875639
8.817546918900684,0.7006606110652354,0.9291666666666667,0.23952738990332975,0.3808710503842869
8.82567860662844,0.6998348472336912,0.9285714285714286,0.23737916219119226,0.3781009409751925
8.852289205174893,0.6985962014863749,0.9276595744680851,0.23415682062298604,0.37392795883361923
8.870243257582189,0.6985962014863749,0.9313304721030042,0.23308270676691728,0.37285223367697595
8.915445428080858,0.6973575557390587,0.9304347826086956,0.22986036519871106,0.3686477174849268
8.934103935793042,0.6965317919075145,0.9298245614035088,0.22771213748657357,0.365832614322692
8.944282165035608,0.6957060280759703,0.9292035398230089,0.22556390977443608,0.3630077787381158
8.970847262935713,0.694467382328654,0.9282511210762332,0.22234156820622986,0.3587521663778163
9.016671447999773,0.694467382328654,0.9321266968325792,0.22126745435016112,0.3576388888888889
9.05189736613422,0.6932287365813378,0.9311926605504587,0.21804511278195488,0.3533507397737163
9.11526861282438,0.6924029727497936,0.9305555555555556,0.2158968850698174,0.35047951176983433
9.131888060793282,0.6915772089182494,0.9299065420560748,0.21374865735767992,0.3475982532751092
9.166045493539423,0.6903385631709331,0.9289099526066351,0.21052631578947367,0.3432574430823117
9.226213957238942,0.6895127993393889,0.9282296650717703,0.2083780880773362,0.34035087719298246
9.23322788606165,0.6882741535920727,0.9271844660194175,0.20515574650912996,0.335971855760774
9.24529607860744,0.6874483897605285,0.9264705882352942,0.20300751879699247,0.33303964757709253
9.303667297888547,0.6862097440132122,0.9253731343283582,0.19978517722878625,0.3286219081272085
9.348653006255626,0.685383980181668,0.9246231155778895,0.19763694951664876,0.3256637168141593
9.374576311051843,0.685383980181668,0.9289340101522843,0.19656283566058003,0.324468085106383
9.390022535081956,0.6841453344343518,0.9278350515463918,0.1933404940923738,0.32
9.412043680936097,0.6833195706028076,0.9270833333333334,0.19119226638023631,0.3170080142475512
9.470137144804001,0.6820809248554913,0.9259259259259259,0.18796992481203006,0.3125
9.511523616403341,0.6812551610239471,0.9251336898395722,0.1858216970998926,0.3094812164579606
9.514202983908355,0.6800165152766309,0.9239130434782609,0.18259935553168635,0.30493273542600896
9.54939997768961,0.6791907514450867,0.9230769230769231,0.18045112781954886,0.3018867924528302
9.575218617476523,0.6791907514450867,0.9277777777777778,0.17937701396348013,0.30063006300630063
9.587714934457093,0.6779521056977704,0.9265536723163842,0.1761546723952739,0.296028880866426
9.595603704899549,0.6779521056977704,0.9314285714285714,0.17508055853920515,0.29475587703435807
9.615518689669667,0.6767134599504542,0.9302325581395349,0.17185821697099893,0.2901178603807797
9.63308330181986,0.67588769611891,0.9294117647058824,0.16970998925886144,0.28701180744777477
9.654073196411133,0.67588769611891,0.9345238095238095,0.1686358754027927,0.2857142857142857
9.678831666946417,0.6746490503715937,0.9333333333333333,0.16541353383458646,0.28102189781021897
9.711657656647267,0.6738232865400495,0.9325153374233128,0.16326530612244897,0.27787934186471663
9.736716924093663,0.6734104046242775,0.9375,0.1611170784103115,0.27497708524289644
9.80969321999699,0.6725846407927333,0.9367088607594937,0.158968850698174,0.27180899908172634
9.857956891059876,0.6721717588769612,0.9419354838709677,0.15682062298603652,0.26887661141804786
9.877648088032263,0.671345995045417,0.9411764705882353,0.15467239527389903,0.2656826568265683
9.897605284648018,0.671345995045417,0.9470198675496688,0.1535982814178303,0.2643253234750462
9.942175420207088,0.6709331131296449,0.9527027027027027,0.1514500537056928,0.26135310472659873
9.985515872046536,0.6701073492981008,0.952054794520548,0.14930182599355532,0.25812441968430827
10.02047284091264,0.6688687035507844,0.951048951048951,0.1460794844253491,0.2532588454376164
10.055621816161558,0.6680429397192403,0.950354609929078,0.1439312567132116,0.25
10.065365729713584,0.666804293971924,0.9492753623188406,0.14070891514500536,0.245088868101029
10.13214930487424,0.6659785301403799,0.9485294117647058,0.1385606874328679,0.24179943767572634
10.229296001818746,0.6651527663088357,0.9477611940298507,0.1364124597207304,0.23849765258215963
10.25384330744215,0.6639141205615194,0.9465648854961832,0.13319011815252416,0.2335216572504708
10.278508605841552,0.6630883567299752,0.9457364341085271,0.1310418904403867,0.23018867924528302
10.317841913923159,0.661849710982659,0.9444444444444444,0.12781954887218044,0.2251655629139073
10.355992567853885,0.6610239471511148,0.9435483870967742,0.12567132116004295,0.22180094786729856
10.405411372055832,0.6610239471511148,0.9508196721311475,0.12459720730397422,0.22032288698955366
10.454190426185727,0.6597853014037985,0.9495798319327731,0.12137486573576799,0.21523809523809523
10.469593985624615,0.6589595375722543,0.9487179487179487,0.11922663802363051,0.21183206106870228
10.500856189846994,0.6577208918249381,0.9473684210526315,0.11600429645542427,0.20669856459330144
10.568527562007308,0.6577208918249381,0.9553571428571429,0.11493018259935553,0.20517737296260785
10.589210845412465,0.6564822460776218,0.9541284403669725,0.11170784103114931,0.2
10.636210665069523,0.6556564822460776,0.9532710280373832,0.10955961331901182,0.19653179190751446
10.74858862184571,0.6548307184145334,0.9523809523809523,0.10741138560687433,0.19305019305019305
10.836115811236226,0.6535920726672172,0.9509803921568627,0.1041890440386681,0.18780251694094868
10.945730225326493,0.652766308835673,0.95,0.10204081632653061,0.1842870999030068
10.984904999826101,0.6515276630883567,0.9484536082474226,0.09881847475832438,0.17898832684824903
11.050890190569923,0.6507018992568125,0.9473684210526315,0.0966702470461869,0.17543859649122806
11.101648230012506,0.6502890173410405,0.9565217391304348,0.09452201933404941,0.17204301075268819
11.124113798081117,0.6494632535094963,0.9555555555555556,0.09237379162191192,0.168462291870715
11.137986402392388,0.6486374896779521,0.9545454545454546,0.09022556390977443,0.1648675171736997
11.185227080099283,0.6473988439306358,0.9529411764705882,0.08700322234156821,0.1594488188976378
11.206325284644963,0.6465730800990916,0.9518072289156626,0.08485499462943072,0.15581854043392504
11.234648134436458,0.6453344343517754,0.95,0.08163265306122448,0.1503461918892186
11.246310122226829,0.6445086705202312,0.9487179487179487,0.079484425349087,0.1466798810703667
11.341074685783768,0.643682906688687,0.9473684210526315,0.07733619763694952,0.14299900695134063
11.375488527080154,0.6424442609413707,0.9452054794520548,0.07411385606874328,0.13745019920318724
11.455126291785383,0.6424442609413707,0.9577464788732394,0.07303974221267455,0.13572854291417166
11.498375517525652,0.6412056151940545,0.9558823529411765,0.06981740064446831,0.13013013013013014
11.543031133178621,0.6403798513625103,0.9545454545454546,0.06766917293233082,0.12637913741223672
11.609645027139225,0.639141205615194,0.9523809523809523,0.0644468313641246,0.12072434607645875
11.684911116585136,0.6383154417836499,0.9508196721311475,0.06229860365198711,0.11693548387096774
11.730753919899463,0.6374896779521056,0.9491525423728814,0.06015037593984962,0.11313131313131314
11.839704772922756,0.6362510322047894,0.9464285714285714,0.05692803437164339,0.10739614994934144
11.908061182201891,0.6354252683732452,0.9444444444444444,0.05477980665950591,0.10355329949238579
11.981524230499462,0.634186622625929,0.9411764705882353,0.05155746509129968,0.09775967413441955
12.014146156988572,0.6333608587943848,0.9387755102040817,0.04940923737916219,0.09387755102040816
12.077708737656472,0.6321222130470685,0.9347826086956522,0.04618689581095596,0.08802456499488229
12.126486363731324,0.6312964492155244,0.9318181818181818,0.04403866809881848,0.0841025641025641
12.238973005640021,0.6304706853839802,0.9285714285714286,0.04189044038668099,0.08016443987667009
12.379636732212749,0.629232039636664,0.9230769230769231,0.03866809881847476,0.07422680412371134
12.494894266640767,0.6284062758051198,0.918918918918919,0.036519871106337275,0.07024793388429752
12.553414609659926,0.6279933938893476,0.9411764705882353,0.034371643394199784,0.06632124352331606
12.64209395908355,0.6271676300578035,0.9375,0.0322234156820623,0.06230529595015576
12.702433096654712,0.6263418662262593,0.9333333333333333,0.03007518796992481,0.05827263267429761
12.74560119008454,0.6251032204789431,0.9259259259259259,0.02685284640171858,0.05219206680584551
12.851162863779464,0.6242774566473989,0.92,0.024704618689581095,0.04811715481171548
12.898225663863116,0.6230388109000826,0.9090909090909091,0.021482277121374866,0.04197271773347324
13.023162266492847,0.6222130470685384,0.9,0.01933404940923738,0.03785488958990536
13.143294100658961,0.6209744013212222,0.8823529411764706,0.01611170784103115,0.03164556962025317
13.22770683558099,0.620148637489678,0.8666666666666667,0.013963480128893663,0.02748414376321353
13.281698196489597,0.6193228736581338,0.8461538461538461,0.011815252416756176,0.023305084745762712
13.345313587727956,0.6189099917423617,0.9,0.00966702470461869,0.019128586609989374
13.469897178977263,0.6189099917423617,1.0,0.008592910848549946,0.01703940362087327
13.653533644288776,0.6176713459950454,1.0,0.0053705692803437165,0.010683760683760684
14.36030572576829,0.6168455821635013,1.0,0.00322234156820623,0.006423982869379015
14.733613640069962,0.6160198183319571,1.0,0.0010741138560687433,0.002145922746781116
