feature_set,k,query_index,query_variant,query_gene,query_label,same_label_rate_top_k,candidate_baseline_same_label_rate,lift_over_candidate_baseline,top_neighbor_variants,top_neighbor_genes,top_neighbor_labels
wt_mut_site,5,0,SCN9A:p.Q10R,SCN9A,GOF,0.6,0.3768545994065282,1.5921259842519684,SCN2A:p.D12N;SCN5A:p.R18W;SCN5A:p.R569W;SCN5A:p.P2006A;SCN5A:p.N592K,SCN2A;SCN5A;SCN5A;SCN5A;SCN5A,LOF;GOF;GOF;GOF;LOF
wt_mut_site,5,1,SCN2A:p.D12N,SCN2A,LOF,0.2,0.620253164556962,0.32244897959183677,SCN9A:p.Q10R;SCN9A:p.D623N;SCN5A:p.D84N;SCN5A:p.R18W;SCN5A:p.P2006A,SCN9A;SCN9A;SCN5A;SCN5A;SCN5A,GOF;GOF;LOF;GOF;GOF
wt_mut_site,5,2,SCN5A:p.R18W,SCN5A,GOF,0.8,0.5130890052356021,1.5591836734693878,SCN9A:p.Q10R;SCN2A:p.D12N;SCN8A:p.R1872W;SCN8A:p.R1872Q;SCN8A:p.R1872L,SCN9A;SCN2A;SCN8A;SCN8A;SCN8A,GOF;LOF;GOF;GOF;GOF
wt_mut_site,5,3,SCN5A:p.R27H,SCN5A,LOF,0.0,0.4869109947643979,0.0,SCN8A:p.R1872W;SCN8A:p.R1872Q;SCN2A:p.R1882Q;SCN8A:p.R1872L;SCN2A:p.R1882G,SCN8A;SCN8A;SCN2A;SCN8A;SCN2A,GOF;GOF;GOF;GOF;GOF
wt_mut_site,5,4,SCN1A:p.E78D,SCN1A,LOF,0.8,0.5609756097560976,1.4260869565217391,SCN5A:p.D84N;SCN2A:p.D82G;SCN2A:p.D12N;SCN5A:p.R18W;SCN5A:p.F93S,SCN5A;SCN2A;SCN2A;SCN5A;SCN5A,LOF;LOF;LOF;GOF;LOF
wt_mut_site,5,5,SCN5A:p.D84N,SCN5A,LOF,0.6,0.4869109947643979,1.232258064516129,SCN2A:p.D82G;SCN2A:p.D12N;SCN1A:p.E78D;SCN9A:p.D623N;SCN9A:p.Q10R,SCN2A;SCN2A;SCN1A;SCN9A;SCN9A,LOF;LOF;LOF;GOF;GOF
wt_mut_site,5,6,SCN2A:p.D82G,SCN2A,LOF,0.8,0.620253164556962,1.289795918367347,SCN5A:p.D84N;SCN10A:p.V94G;SCN1A:p.E78D;SCN5A:p.R18W;SCN5A:p.F93S,SCN5A;SCN10A;SCN1A;SCN5A;SCN5A,LOF;LOF;LOF;GOF;LOF
wt_mut_site,5,7,SCN5A:p.F93S,SCN5A,LOF,0.8,0.4869109947643979,1.643010752688172,SCN10A:p.V94G;SCN1A:p.E78D;SCN9A:p.Q10R;SCN2A:p.D12N;SCN2A:p.D82G,SCN10A;SCN1A;SCN9A;SCN2A;SCN2A,LOF;LOF;GOF;LOF;LOF
wt_mut_site,5,8,SCN10A:p.V94G,SCN10A,LOF,0.6,0.6114457831325302,0.9812807881773398,SCN5A:p.F93S;SCN2A:p.D82G;SCN5A:p.R18W;SCN2A:p.R1882G;SCN5A:p.D84N,SCN5A;SCN2A;SCN5A;SCN2A;SCN5A,LOF;LOF;GOF;GOF;LOF
wt_mut_site,5,9,SCN4A:p.R104H,SCN4A,LOF,0.8,0.6214511041009464,1.2873096446700507,SCN5A:p.R104W;SCN5A:p.R104Q;SCN10A:p.V94G;SCN8A:p.R1872W;SCN5A:p.F93S,SCN5A;SCN5A;SCN10A;SCN8A;SCN5A,LOF;LOF;LOF;GOF;LOF
wt_mut_site,5,10,SCN5A:p.R104Q,SCN5A,LOF,0.4,0.4869109947643979,0.821505376344086,SCN4A:p.R104H;SCN10A:p.V94G;SCN8A:p.R1872Q;SCN2A:p.R1882Q;SCN8A:p.R1872W,SCN4A;SCN10A;SCN8A;SCN2A;SCN8A,LOF;LOF;GOF;GOF;GOF
wt_mut_site,5,11,SCN5A:p.R104W,SCN5A,LOF,0.4,0.4869109947643979,0.821505376344086,SCN4A:p.R104H;SCN10A:p.V94G;SCN8A:p.R1872W;SCN8A:p.R1872Q;SCN8A:p.R1872L,SCN4A;SCN10A;SCN8A;SCN8A;SCN8A,LOF;LOF;GOF;GOF;GOF
wt_mut_site,5,12,SCN5A:p.R121W,SCN5A,LOF,0.8,0.4869109947643979,1.643010752688172,SCN4A:p.R104H;SCN1A:p.R1927G;SCN1A:p.R1657C;SCN8A:p.R1638C;SCN11A:p.R222H,SCN4A;SCN1A;SCN1A;SCN8A;SCN11A,LOF;LOF;LOF;LOF;GOF
wt_mut_site,5,13,SCN5A:p.A124D,SCN5A,LOF,0.4,0.4869109947643979,0.821505376344086,SCN3A:p.I875T;SCN1A:p.F1831S;SCN8A:p.A1491V;SCN4A:p.C1209F;SCN2A:p.M1879T,SCN3A;SCN1A;SCN8A;SCN4A;SCN2A,GOF;LOF;GOF;LOF;GOF
wt_mut_site,5,14,SCN5A:p.V125L,SCN5A,GOF,0.6,0.5130890052356021,1.1693877551020408,SCN10A:p.V94G;SCN4A:p.R104H;SCN2A:p.M1879T;SCN8A:p.R1872L;SCN8A:p.A1491V,SCN10A;SCN4A;SCN2A;SCN8A;SCN8A,LOF;LOF;GOF;GOF;GOF
wt_mut_site,5,15,SCN5A:p.K126E,SCN5A,LOF,0.2,0.4869109947643979,0.410752688172043,SCN8A:p.R1872W;SCN10A:p.V94G;SCN8A:p.R1872Q;SCN8A:p.R1872L;SCN2A:p.R1882G,SCN8A;SCN10A;SCN8A;SCN8A;SCN2A,GOF;LOF;GOF;GOF;GOF
wt_mut_site,5,16,SCN5A:p.L136P,SCN5A,LOF,0.4,0.4869109947643979,0.821505376344086,SCN1A:p.F1831S;SCN4A:p.T704M;SCN8A:p.L1331V;SCN11A:p.I381T;SCN10A:p.V1518I,SCN1A;SCN4A;SCN8A;SCN11A;SCN10A,LOF;GOF;GOF;GOF;LOF
wt_mut_site,5,17,SCN8A:p.M139I,SCN8A,GOF,0.8,0.3803680981595092,2.1032258064516127,SCN9A:p.I136V;SCN4A:p.I141V;SCN2A:p.T773I;SCN5A:p.L136P;SCN3A:p.M1765I,SCN9A;SCN4A;SCN2A;SCN5A;SCN3A,GOF;GOF;GOF;LOF;GOF
wt_mut_site,5,18,SCN4A:p.I141V,SCN4A,GOF,0.8,0.3785488958990536,2.1133333333333337,SCN9A:p.I136V;SCN5A:p.I1768V;SCN5A:p.I1762A;SCN5A:p.I1660V;SCN2A:p.T773I,SCN9A;SCN5A;SCN5A;SCN5A;SCN2A,GOF;GOF;GOF;LOF;GOF
wt_mut_site,5,19,SCN9A:p.I136V,SCN9A,GOF,1.0,0.3768545994065282,2.653543307086614,SCN4A:p.I141V;SCN5A:p.I1768V;SCN5A:p.I1762A;SCN8A:p.M139I;SCN2A:p.T773I,SCN4A;SCN5A;SCN5A;SCN8A;SCN2A,GOF;GOF;GOF;GOF;GOF
wt_mut_site,5,20,SCN1A:p.M145T,SCN1A,LOF,0.8,0.5609756097560976,1.4260869565217391,SCN5A:p.M734V;SCN5A:p.A735T;SCN5A:p.A735E;SCN5A:p.A735V;SCN4A:p.L796V,SCN5A;SCN5A;SCN5A;SCN5A;SCN4A,LOF;LOF;LOF;LOF;GOF
wt_mut_site,5,21,SCN5A:p.E161K,SCN5A,LOF,0.2,0.4869109947643979,0.410752688172043,SCN1A:p.E788K;SCN1A:p.D1866Y;SCN8A:p.R1872W;SCN2A:p.R1882Q;SCN8A:p.R1872Q,SCN1A;SCN1A;SCN8A;SCN2A;SCN8A,LOF;GOF;GOF;GOF;GOF
wt_mut_site,5,22,SCN10A:p.Y158D,SCN10A,GOF,0.4,0.3885542168674699,1.0294573643410854,SCN1A:p.R1575C;SCN5A:p.R1897W;SCN8A:p.R1872W;SCN1A:p.E78D;SCN5A:p.R1898C,SCN1A;SCN5A;SCN8A;SCN1A;SCN5A,GOF;LOF;GOF;LOF;LOF
wt_mut_site,5,23,SCN5A:p.K175N,SCN5A,LOF,0.4,0.4869109947643979,0.821505376344086,SCN1A:p.E1587K;SCN4A:p.N1366S;SCN9A:p.N395K;SCN1A:p.N985I;SCN4A:p.N440K,SCN1A;SCN4A;SCN9A;SCN1A;SCN4A,LOF;GOF;GOF;LOF;GOF
wt_mut_site,5,24,SCN5A:p.A178G,SCN5A,LOF,0.8,0.4869109947643979,1.643010752688172,SCN1A:p.G177A;SCN1A:p.G177E;SCN2A:p.A263V;SCN1A:p.A1685D;SCN1A:p.A1685V,SCN1A;SCN1A;SCN2A;SCN1A;SCN1A,LOF;LOF;GOF;LOF;LOF
wt_mut_site,5,25,SCN1A:p.G177A,SCN1A,LOF,1.0,0.5609756097560976,1.7826086956521738,SCN5A:p.G1262S;SCN5A:p.R1583C;SCN5A:p.G1319V;SCN5A:p.A178G;SCN5A:p.T187I,SCN5A;SCN5A;SCN5A;SCN5A;SCN5A,LOF;LOF;LOF;LOF;LOF
wt_mut_site,5,26,SCN1A:p.G177E,SCN1A,LOF,1.0,0.5609756097560976,1.7826086956521738,SCN5A:p.G1262S;SCN5A:p.R1583C;SCN5A:p.G1319V;SCN5A:p.T187I;SCN5A:p.A178G,SCN5A;SCN5A;SCN5A;SCN5A;SCN5A,LOF;LOF;LOF;LOF;LOF
wt_mut_site,5,27,SCN5A:p.T187I,SCN5A,LOF,0.4,0.4869109947643979,0.821505376344086,SCN3A:p.T1486I;SCN4A:p.T1313A;SCN4A:p.T1313M;SCN1A:p.T1709I;SCN1A:p.G177E,SCN3A;SCN4A;SCN4A;SCN1A;SCN1A,GOF;GOF;GOF;LOF;LOF
wt_mut_site,5,28,SCN4A:p.M203K,SCN4A,LOF,0.8,0.6214511041009464,1.2873096446700507,SCN2A:p.V208E;SCN5A:p.L136P;SCN10A:p.V1518I;SCN5A:p.G752R;SCN1A:p.M1664K,SCN2A;SCN5A;SCN10A;SCN5A;SCN1A,GOF;LOF;LOF;LOF;LOF
wt_mut_site,5,29,SCN2A:p.V208E,SCN2A,GOF,0.6,0.379746835443038,1.5799999999999998,SCN4A:p.V1442E;SCN1A:p.L1624P;SCN5A:p.A1294G;SCN5A:p.E1295K;SCN8A:p.R1872W,SCN4A;SCN1A;SCN5A;SCN5A;SCN8A,LOF;GOF;LOF;GOF;GOF
wt_mut_site,5,30,SCN9A:p.S211P,SCN9A,GOF,0.2,0.3768545994065282,0.5307086614173229,SCN2A:p.T1623N;SCN5A:p.T1620M;SCN2A:p.P1622S;SCN1A:p.P1632S;SCN4A:p.V1442E,SCN2A;SCN5A;SCN2A;SCN1A;SCN4A,GOF;LOF;LOF;LOF;LOF
wt_mut_site,5,31,SCN11A:p.R222H,SCN11A,GOF,0.0,0.38596491228070173,0.0,SCN1A:p.R859H;SCN5A:p.R808C;SCN10A:p.R756W;SCN1A:p.R859C;SCN4A:p.R669H,SCN1A;SCN5A;SCN10A;SCN1A;SCN4A,LOF;LOF;LOF;LOF;LOF
wt_mut_site,5,32,SCN9A:p.F216S,SCN9A,GOF,0.8,0.3768545994065282,2.1228346456692915,SCN8A:p.A1622D;SCN5A:p.F1473S;SCN5A:p.G1631D;SCN5A:p.F1473C;SCN1A:p.I227S,SCN8A;SCN5A;SCN5A;SCN5A;SCN1A,GOF;GOF;GOF;GOF;LOF
wt_mut_site,5,33,SCN8A:p.R223G,SCN8A,LOF,1.0,0.6196319018404908,1.613861386138614,SCN4A:p.R672G;SCN4A:p.R672H;SCN5A:p.R811H;SCN4A:p.R669H;SCN1A:p.R859H,SCN4A;SCN4A;SCN5A;SCN4A;SCN1A,LOF;LOF;LOF;LOF;LOF
wt_mut_site,5,34,SCN5A:p.V223L,SCN5A,LOF,0.4,0.4869109947643979,0.821505376344086,SCN3A:p.L855P;SCN1A:p.V1353L;SCN11A:p.V1184A;SCN1A:p.I1656M;SCN2A:p.V423L,SCN3A;SCN1A;SCN11A;SCN1A;SCN2A,GOF;LOF;GOF;LOF;GOF
wt_mut_site,5,35,SCN4A:p.R225W,SCN4A,LOF,0.6,0.6214511041009464,0.965482233502538,SCN5A:p.R225W;SCN5A:p.R225P;SCN1A:p.R865G;SCN2A:p.R1312T;SCN5A:p.R811H,SCN5A;SCN5A;SCN1A;SCN2A;SCN5A,LOF;GOF;GOF;LOF;LOF
wt_mut_site,5,36,SCN5A:p.R225W,SCN5A,LOF,0.8,0.4869109947643979,1.643010752688172,SCN4A:p.R225W;SCN1A:p.R865G;SCN2A:p.R1312T;SCN4A:p.R672H;SCN4A:p.R672G,SCN4A;SCN1A;SCN2A;SCN4A;SCN4A,LOF;GOF;LOF;LOF;LOF
wt_mut_site,5,37,SCN5A:p.R225P,SCN5A,GOF,0.2,0.5130890052356021,0.38979591836734695,SCN4A:p.R225W;SCN1A:p.R865G;SCN2A:p.R1312T;SCN4A:p.R672H;SCN4A:p.R672G,SCN4A;SCN1A;SCN2A;SCN4A;SCN4A,LOF;GOF;LOF;LOF;LOF
wt_mut_site,5,38,SCN5A:p.A226V,SCN5A,LOF,0.2,0.4869109947643979,0.410752688172043,SCN3A:p.L855P;SCN1A:p.I227S;SCN2A:p.A263V;SCN4A:p.A1156T;SCN10A:p.S242T,SCN3A;SCN1A;SCN2A;SCN4A;SCN10A,GOF;LOF;GOF;GOF;GOF
wt_mut_site,5,39,SCN1A:p.I227S,SCN1A,LOF,0.0,0.5609756097560976,0.0,SCN11A:p.L1158P;SCN9A:p.I228M;SCN9A:p.F216S;SCN9A:p.I234T;SCN5A:p.G1631D,SCN11A;SCN9A;SCN9A;SCN9A;SCN5A,GOF;GOF;GOF;GOF;GOF
wt_mut_site,5,40,SCN9A:p.I228M,SCN9A,GOF,0.4,0.3768545994065282,1.0614173228346457,SCN1A:p.I227S;SCN1A:p.I1656M;SCN11A:p.L1158P;SCN3A:p.L855P;SCN5A:p.L812Q,SCN1A;SCN1A;SCN11A;SCN3A;SCN5A,LOF;LOF;GOF;GOF;LOF
wt_mut_site,5,41,SCN2A:p.T236S,SCN2A,GOF,0.8,0.379746835443038,2.1066666666666665,SCN5A:p.N1325S;SCN4A:p.F1473S;SCN3A:p.F1646C;SCN1A:p.T875M;SCN1A:p.F1661L,SCN5A;SCN4A;SCN3A;SCN1A;SCN1A,GOF;GOF;GOF;LOF;GOF
wt_mut_site,5,42,SCN9A:p.I234T,SCN9A,GOF,0.4,0.3768545994065282,1.0614173228346457,SCN2A:p.L1330F;SCN1A:p.I1656M;SCN3A:p.I875T;SCN3A:p.L247P;SCN8A:p.I1327V,SCN2A;SCN1A;SCN3A;SCN3A;SCN8A,LOF;LOF;GOF;LOF;GOF
wt_mut_site,5,43,SCN9A:p.S241T,SCN9A,GOF,1.0,0.3768545994065282,2.653543307086614,SCN10A:p.S242T;SCN5A:p.A1330T;SCN4A:p.A1156T;SCN5A:p.A1330P;SCN2A:p.A263V,SCN10A;SCN5A;SCN4A;SCN5A;SCN2A,GOF;GOF;GOF;GOF;GOF
wt_mut_site,5,44,SCN10A:p.S242T,SCN10A,GOF,1.0,0.3885542168674699,2.5736434108527133,SCN9A:p.S241T;SCN5A:p.A1330T;SCN4A:p.A1156T;SCN5A:p.A1330P;SCN2A:p.A263V,SCN9A;SCN5A;SCN4A;SCN5A;SCN2A,GOF;GOF;GOF;GOF;GOF
wt_mut_site,5,45,SCN3A:p.L247P,SCN3A,LOF,0.6,0.6190476190476191,0.9692307692307691,SCN5A:p.L839P;SCN8A:p.I1327V;SCN2A:p.L1330F;SCN1A:p.I1656M;SCN8A:p.L1331V,SCN5A;SCN8A;SCN2A;SCN1A;SCN8A,LOF;GOF;LOF;LOF;GOF
wt_mut_site,5,46,SCN1A:p.D249E,SCN1A,LOF,0.0,0.5609756097560976,0.0,SCN2A:p.N1339D;SCN5A:p.S1333Y;SCN2A:p.S1336Y;SCN11A:p.G699R;SCN5A:p.P1332L,SCN2A;SCN5A;SCN2A;SCN11A;SCN5A,GOF;GOF;GOF;GOF;GOF
wt_mut_site,5,47,SCN1A:p.S259R,SCN1A,LOF,0.6,0.5609756097560976,1.0695652173913042,SCN5A:p.L1346P;SCN5A:p.F851L;SCN5A:p.F1344S;SCN9A:p.V872G;SCN2A:p.A263V,SCN5A;SCN5A;SCN5A;SCN9A;SCN2A,LOF;LOF;LOF;GOF;GOF
wt_mut_site,5,48,SCN2A:p.A263V,SCN2A,GOF,0.2,0.379746835443038,0.5266666666666666,SCN1A:p.A1685V;SCN1A:p.A1685D;SCN5A:p.S1672Y;SCN8A:p.G269R;SCN1A:p.L263V,SCN1A;SCN1A;SCN5A;SCN8A;SCN1A,LOF;LOF;LOF;LOF;GOF
wt_mut_site,5,49,SCN1A:p.L263V,SCN1A,GOF,0.6,0.43902439024390244,1.3666666666666667,SCN4A:p.L796V;SCN5A:p.L1346P;SCN2A:p.A263V;SCN3A:p.L247P;SCN9A:p.V872G,SCN4A;SCN5A;SCN2A;SCN3A;SCN9A,GOF;LOF;GOF;LOF;GOF
wt_mut_site,5,50,SCN8A:p.G269R,SCN8A,LOF,0.8,0.6196319018404908,1.2910891089108911,SCN2A:p.G899S;SCN2A:p.A263V;SCN1A:p.A1685D;SCN5A:p.S1672Y;SCN1A:p.A1685V,SCN2A;SCN2A;SCN1A;SCN5A;SCN1A,LOF;GOF;LOF;LOF;LOF
wt_mut_site,5,51,SCN5A:p.L276Q,SCN5A,LOF,0.4,0.4869109947643979,0.821505376344086,SCN10A:p.R814H;SCN2A:p.K908E;SCN1A:p.M956T;SCN1A:p.F1831S;SCN2A:p.M1879T,SCN10A;SCN2A;SCN1A;SCN1A;SCN2A,GOF;GOF;LOF;LOF;GOF
wt_mut_site,5,52,SCN5A:p.R282H,SCN5A,LOF,0.0,0.4869109947643979,0.0,SCN10A:p.R814H;SCN8A:p.R1872W;SCN8A:p.R1872Q;SCN8A:p.R1872L;SCN2A:p.R1882Q,SCN10A;SCN8A;SCN8A;SCN8A;SCN2A,GOF;GOF;GOF;GOF;GOF
wt_mut_site,5,53,SCN5A:p.R282C,SCN5A,LOF,0.0,0.4869109947643979,0.0,SCN8A:p.R1872W;SCN8A:p.R1872L;SCN10A:p.R814H;SCN8A:p.R1872Q;SCN2A:p.R1882Q,SCN8A;SCN8A;SCN10A;SCN8A;SCN2A,GOF;GOF;GOF;GOF;GOF
wt_mut_site,5,54,SCN1A:p.T297I,SCN1A,LOF,0.6,0.5609756097560976,1.0695652173913042,SCN5A:p.S1382I;SCN5A:p.F93S;SCN8A:p.T1360N;SCN10A:p.A1886V;SCN9A:p.D623N,SCN5A;SCN5A;SCN8A;SCN10A;SCN9A,LOF;LOF;LOF;GOF;GOF
wt_mut_site,5,55,SCN5A:p.L325R,SCN5A,LOF,0.2,0.4869109947643979,0.410752688172043,SCN10A:p.V94G;SCN2A:p.M1879T;SCN8A:p.R1872W;SCN9A:p.Q10R;SCN9A:p.D623N,SCN10A;SCN2A;SCN8A;SCN9A;SCN9A,LOF;GOF;GOF;GOF;GOF
wt_mut_site,5,56,SCN5A:p.C335R,SCN5A,LOF,0.8,0.4869109947643979,1.643010752688172,SCN2A:p.C1386R;SCN4A:p.C1209F;SCN2A:p.D82G;SCN10A:p.V94G;SCN9A:p.Q10R,SCN2A;SCN4A;SCN2A;SCN10A;SCN9A,LOF;LOF;LOF;LOF;GOF
wt_mut_site,5,57,SCN5A:p.P336L,SCN5A,LOF,1.0,0.4869109947643979,2.053763440860215,SCN4A:p.P382T;SCN2A:p.D82G;SCN2A:p.D12N;SCN1A:p.G1749E;SCN1A:p.E78D,SCN4A;SCN2A;SCN2A;SCN1A;SCN1A,LOF;LOF;LOF;LOF;LOF
wt_mut_site,5,58,SCN3A:p.K354Q,SCN3A,GOF,0.6,0.38095238095238093,1.575,SCN5A:p.R104Q;SCN5A:p.R18W;SCN5A:p.R282H;SCN8A:p.R1872Q;SCN2A:p.R1882Q,SCN5A;SCN5A;SCN5A;SCN8A;SCN2A,LOF;GOF;LOF;GOF;GOF
wt_mut_site,5,59,SCN4A:p.P382T,SCN4A,LOF,0.8,0.6214511041009464,1.2873096446700507,SCN5A:p.P336L;SCN5A:p.P1506S;SCN5A:p.P1730H;SCN5A:p.L325R;SCN5A:p.R18W,SCN5A;SCN5A;SCN5A;SCN5A;SCN5A,LOF;LOF;LOF;LOF;GOF
wt_mut_site,5,60,SCN5A:p.D349N,SCN5A,LOF,0.6,0.4869109947643979,1.232258064516129,SCN2A:p.D12N;SCN10A:p.D1639N;SCN4A:p.P382T;SCN9A:p.D623N;SCN3A:p.K354Q,SCN2A;SCN10A;SCN4A;SCN9A;SCN3A,LOF;LOF;LOF;GOF;GOF
wt_mut_site,5,61,SCN5A:p.T353I,SCN5A,LOF,1.0,0.4869109947643979,2.053763440860215,SCN4A:p.P382T;SCN1A:p.T297I;SCN10A:p.D1639N;SCN10A:p.L867F;SCN1A:p.T1709I,SCN4A;SCN1A;SCN10A;SCN10A;SCN1A,LOF;LOF;LOF;LOF;LOF
wt_mut_site,5,62,SCN5A:p.D356N,SCN5A,LOF,0.6,0.4869109947643979,1.232258064516129,SCN10A:p.D1639N;SCN1A:p.R393H;SCN1A:p.H939Q;SCN8A:p.N374K;SCN1A:p.D1866Y,SCN10A;SCN1A;SCN1A;SCN8A;SCN1A,LOF;LOF;LOF;GOF;GOF
wt_mut_site,5,63,SCN5A:p.R367C,SCN5A,LOF,1.0,0.4869109947643979,2.053763440860215,SCN2A:p.R379H;SCN1A:p.R946C;SCN2A:p.R937C;SCN1A:p.R946H;SCN2A:p.R937H,SCN2A;SCN1A;SCN2A;SCN1A;SCN2A,LOF;LOF;LOF;LOF;LOF
wt_mut_site,5,64,SCN2A:p.R379H,SCN2A,LOF,1.0,0.620253164556962,1.6122448979591837,SCN5A:p.R367H;SCN5A:p.R367C;SCN5A:p.R367L;SCN1A:p.R946H;SCN1A:p.R946C,SCN5A;SCN5A;SCN5A;SCN1A;SCN1A,LOF;LOF;LOF;LOF;LOF
wt_mut_site,5,65,SCN5A:p.R367H,SCN5A,LOF,1.0,0.4869109947643979,2.053763440860215,SCN2A:p.R379H;SCN1A:p.R946H;SCN2A:p.R937H;SCN1A:p.R946C;SCN2A:p.R937C,SCN2A;SCN1A;SCN2A;SCN1A;SCN2A,LOF;LOF;LOF;LOF;LOF
wt_mut_site,5,66,SCN5A:p.R367L,SCN5A,LOF,1.0,0.4869109947643979,2.053763440860215,SCN2A:p.R379H;SCN1A:p.R946C;SCN2A:p.R937C;SCN1A:p.R946H;SCN2A:p.R937H,SCN2A;SCN1A;SCN2A;SCN1A;SCN2A,LOF;LOF;LOF;LOF;LOF
wt_mut_site,5,67,SCN5A:p.M369K,SCN5A,LOF,0.4,0.4869109947643979,0.821505376344086,SCN2A:p.T1420M;SCN2A:p.R379H;SCN4A:p.V445M;SCN2A:p.V423L;SCN9A:p.V400M,SCN2A;SCN2A;SCN4A;SCN2A;SCN9A,LOF;LOF;GOF;GOF;GOF
wt_mut_site,5,68,SCN5A:p.W374G,SCN5A,LOF,0.6,0.4869109947643979,1.232258064516129,SCN10A:p.G1662S;SCN1A:p.M956T;SCN2A:p.T1420M;SCN1A:p.Y426N;SCN4A:p.F1298C,SCN10A;SCN1A;SCN2A;SCN1A;SCN4A,GOF;LOF;LOF;LOF;GOF
wt_mut_site,5,69,SCN5A:p.R376H,SCN5A,LOF,0.2,0.4869109947643979,0.410752688172043,SCN8A:p.N374K;SCN1A:p.R393H;SCN8A:p.R1872W;SCN8A:p.R1872Q;SCN2A:p.R1882Q,SCN8A;SCN1A;SCN8A;SCN8A;SCN2A,GOF;LOF;GOF;GOF;GOF
wt_mut_site,5,70,SCN8A:p.N374K,SCN8A,GOF,0.0,0.3803680981595092,0.0,SCN5A:p.R376H;SCN5A:p.E901K;SCN5A:p.N1722D;SCN5A:p.D1714G;SCN5A:p.E746K,SCN5A;SCN5A;SCN5A;SCN5A;SCN5A,LOF;LOF;LOF;LOF;LOF
wt_mut_site,5,71,SCN1A:p.R393H,SCN1A,LOF,0.8,0.5609756097560976,1.4260869565217391,SCN5A:p.N1722D;SCN4A:p.R104H;SCN5A:p.R27H;SCN8A:p.R1872W;SCN5A:p.R104W,SCN5A;SCN4A;SCN5A;SCN8A;SCN5A,LOF;LOF;LOF;GOF;LOF
wt_mut_site,5,72,SCN5A:p.G386R,SCN5A,LOF,0.4,0.4869109947643979,0.821505376344086,SCN1A:p.R393H;SCN8A:p.G1475R;SCN10A:p.D1639N;SCN9A:p.Q10R;SCN4A:p.G1306E,SCN1A;SCN8A;SCN10A;SCN9A;SCN4A,LOF;GOF;LOF;GOF;GOF
wt_mut_site,5,73,SCN11A:p.I381T,SCN11A,GOF,0.6,0.38596491228070173,1.5545454545454547,SCN10A:p.L867F;SCN10A:p.I1706V;SCN1A:p.R1575C;SCN2A:p.M1879T;SCN1A:p.F1831S,SCN10A;SCN10A;SCN1A;SCN2A;SCN1A,LOF;GOF;GOF;GOF;LOF
wt_mut_site,5,74,SCN5A:p.V396L,SCN5A,LOF,0.4,0.4869109947643979,0.821505376344086,SCN1A:p.V983A;SCN10A:p.I1706V;SCN2A:p.V423L;SCN10A:p.L388M;SCN9A:p.V400M,SCN1A;SCN10A;SCN2A;SCN10A;SCN9A,LOF;GOF;GOF;LOF;GOF
wt_mut_site,5,75,SCN10A:p.L388M,SCN10A,LOF,0.6,0.6114457831325302,0.9812807881773398,SCN1A:p.V983A;SCN5A:p.T1461S;SCN5A:p.V1763M;SCN1A:p.L986F;SCN4A:p.L796V,SCN1A;SCN5A;SCN5A;SCN1A;SCN4A,LOF;LOF;GOF;LOF;GOF
wt_mut_site,5,76,SCN4A:p.N440K,SCN4A,GOF,0.2,0.3785488958990536,0.5283333333333334,SCN9A:p.N395K;SCN5A:p.N406S;SCN1A:p.N985I;SCN5A:p.N1541D;SCN5A:p.S1218I,SCN9A;SCN5A;SCN1A;SCN5A;SCN5A,GOF;LOF;LOF;LOF;LOF
wt_mut_site,5,77,SCN9A:p.N395K,SCN9A,GOF,0.4,0.3768545994065282,1.0614173228346457,SCN4A:p.N440K;SCN5A:p.N406S;SCN1A:p.N985I;SCN5A:p.N1541D;SCN4A:p.N1366S,SCN4A;SCN5A;SCN1A;SCN5A;SCN4A,GOF;LOF;LOF;LOF;GOF
wt_mut_site,5,78,SCN5A:p.N406S,SCN5A,LOF,0.4,0.4869109947643979,0.821505376344086,SCN9A:p.N395K;SCN4A:p.N440K;SCN1A:p.N985I;SCN4A:p.N1366S;SCN1A:p.E1587K,SCN9A;SCN4A;SCN1A;SCN4A;SCN1A,GOF;GOF;LOF;GOF;LOF
wt_mut_site,5,79,SCN2A:p.V423L,SCN2A,GOF,1.0,0.379746835443038,2.6333333333333333,SCN9A:p.V400M;SCN5A:p.V411M;SCN4A:p.V445M;SCN4A:p.V1293I;SCN3A:p.V1769A,SCN9A;SCN5A;SCN4A;SCN4A;SCN3A,GOF;GOF;GOF;GOF;GOF
wt_mut_site,5,80,SCN4A:p.V445M,SCN4A,GOF,0.8,0.3785488958990536,2.1133333333333337,SCN5A:p.V411M;SCN9A:p.V400M;SCN2A:p.V423L;SCN3A:p.V1769A;SCN1A:p.Y426N,SCN5A;SCN9A;SCN2A;SCN3A;SCN1A,GOF;GOF;GOF;GOF;LOF
wt_mut_site,5,81,SCN5A:p.V411M,SCN5A,GOF,1.0,0.5130890052356021,1.9489795918367347,SCN9A:p.V400M;SCN4A:p.V445M;SCN2A:p.V423L;SCN4A:p.V1293I;SCN3A:p.V1769A,SCN9A;SCN4A;SCN2A;SCN4A;SCN3A,GOF;GOF;GOF;GOF;GOF
wt_mut_site,5,82,SCN9A:p.V400M,SCN9A,GOF,1.0,0.3768545994065282,2.653543307086614,SCN5A:p.V411M;SCN2A:p.V423L;SCN4A:p.V445M;SCN4A:p.V1293I;SCN3A:p.V1769A,SCN5A;SCN2A;SCN4A;SCN4A;SCN3A,GOF;GOF;GOF;GOF;GOF
wt_mut_site,5,83,SCN1A:p.Y426N,SCN1A,LOF,0.0,0.5609756097560976,0.0,SCN4A:p.F1298C;SCN5A:p.F1473C;SCN5A:p.F1473S;SCN9A:p.V400M;SCN5A:p.V411M,SCN4A;SCN5A;SCN5A;SCN9A;SCN5A,GOF;GOF;GOF;GOF;GOF
wt_mut_site,5,84,SCN5A:p.R458C,SCN5A,GOF,0.8,0.5130890052356021,1.5591836734693878,SCN9A:p.Q10R;SCN2A:p.D12N;SCN9A:p.D623N;SCN10A:p.A1886V;SCN8A:p.R1872W,SCN9A;SCN2A;SCN9A;SCN10A;SCN8A,GOF;LOF;GOF;GOF;GOF
wt_mut_site,5,85,SCN5A:p.A551T,SCN5A,LOF,0.2,0.4869109947643979,0.410752688172043,SCN10A:p.A1886V;SCN10A:p.L554P;SCN2A:p.D12N;SCN9A:p.D623N;SCN9A:p.Q10R,SCN10A;SCN10A;SCN2A;SCN9A;SCN9A,GOF;GOF;LOF;GOF;GOF
wt_mut_site,5,86,SCN5A:p.L567Q,SCN5A,LOF,0.2,0.4869109947643979,0.410752688172043,SCN10A:p.L554P;SCN9A:p.Q10R;SCN2A:p.D12N;SCN9A:p.D623N;SCN10A:p.A1886V,SCN10A;SCN9A;SCN2A;SCN9A;SCN10A,GOF;GOF;LOF;GOF;GOF
wt_mut_site,5,87,SCN5A:p.R569W,SCN5A,GOF,0.8,0.5130890052356021,1.5591836734693878,SCN9A:p.Q10R;SCN2A:p.D12N;SCN9A:p.D623N;SCN8A:p.R1872W;SCN10A:p.L554P,SCN9A;SCN2A;SCN9A;SCN8A;SCN10A,GOF;LOF;GOF;GOF;GOF
wt_mut_site,5,88,SCN10A:p.L554P,SCN10A,GOF,0.6,0.3885542168674699,1.544186046511628,SCN5A:p.L567Q;SCN5A:p.L619F;SCN5A:p.F2004L;SCN5A:p.P2006A;SCN5A:p.R569W,SCN5A;SCN5A;SCN5A;SCN5A;SCN5A,LOF;GOF;LOF;GOF;GOF
wt_mut_site,5,89,SCN5A:p.N592K,SCN5A,LOF,0.2,0.4869109947643979,0.410752688172043,SCN9A:p.Q10R;SCN9A:p.D623N;SCN2A:p.D12N;SCN10A:p.A1886V;SCN10A:p.L554P,SCN9A;SCN9A;SCN2A;SCN10A;SCN10A,GOF;GOF;LOF;GOF;GOF
wt_mut_site,5,90,SCN9A:p.D623N,SCN9A,GOF,0.4,0.3768545994065282,1.0614173228346457,SCN2A:p.D12N;SCN5A:p.D84N;SCN5A:p.N592K;SCN5A:p.R569W;SCN5A:p.R18W,SCN2A;SCN5A;SCN5A;SCN5A;SCN5A,LOF;LOF;LOF;GOF;GOF
wt_mut_site,5,91,SCN5A:p.L619F,SCN5A,GOF,0.8,0.5130890052356021,1.5591836734693878,SCN10A:p.L554P;SCN9A:p.Q10R;SCN2A:p.D12N;SCN9A:p.D623N;SCN10A:p.A1886V,SCN10A;SCN9A;SCN2A;SCN9A;SCN10A,GOF;GOF;LOF;GOF;GOF
wt_mut_site,5,92,SCN5A:p.R689H,SCN5A,LOF,0.2,0.4869109947643979,0.410752688172043,SCN10A:p.V94G;SCN8A:p.R1872W;SCN8A:p.R1872Q;SCN9A:p.Q10R;SCN8A:p.R1872L,SCN10A;SCN8A;SCN8A;SCN9A;SCN8A,LOF;GOF;GOF;GOF;GOF
wt_mut_site,5,93,SCN2A:p.T773I,SCN2A,GOF,1.0,0.379746835443038,2.6333333333333333,SCN8A:p.T767I;SCN4A:p.I141V;SCN9A:p.I136V;SCN8A:p.M139I;SCN3A:p.M1765I,SCN8A;SCN4A;SCN9A;SCN8A;SCN3A,GOF;GOF;GOF;GOF;GOF
wt_mut_site,5,94,SCN8A:p.T767I,SCN8A,GOF,0.8,0.3803680981595092,2.1032258064516127,SCN2A:p.T773I;SCN4A:p.I141V;SCN9A:p.I136V;SCN5A:p.A735V;SCN3A:p.M1765I,SCN2A;SCN4A;SCN9A;SCN5A;SCN3A,GOF;GOF;GOF;LOF;GOF
wt_mut_site,5,95,SCN5A:p.M734V,SCN5A,LOF,0.2,0.4869109947643979,0.410752688172043,SCN1A:p.M145T;SCN8A:p.T767I;SCN2A:p.T773I;SCN4A:p.L796V;SCN1A:p.L263V,SCN1A;SCN8A;SCN2A;SCN4A;SCN1A,LOF;GOF;GOF;GOF;GOF
wt_mut_site,5,96,SCN5A:p.A735E,SCN5A,LOF,0.6,0.4869109947643979,1.232258064516129,SCN2A:p.A263V;SCN2A:p.A1773T;SCN1A:p.M145T;SCN1A:p.A1685D;SCN8A:p.T767I,SCN2A;SCN2A;SCN1A;SCN1A;SCN8A,GOF;LOF;LOF;LOF;GOF
wt_mut_site,5,97,SCN5A:p.A735T,SCN5A,LOF,0.8,0.4869109947643979,1.643010752688172,SCN2A:p.A1773T;SCN1A:p.M145T;SCN2A:p.A263V;SCN1A:p.A1685D;SCN1A:p.E788K,SCN2A;SCN1A;SCN2A;SCN1A;SCN1A,LOF;LOF;GOF;LOF;LOF
wt_mut_site,5,98,SCN5A:p.A735V,SCN5A,LOF,0.8,0.4869109947643979,1.643010752688172,SCN2A:p.A263V;SCN2A:p.A1773T;SCN1A:p.A1685V;SCN1A:p.A1685D;SCN1A:p.M145T,SCN2A;SCN2A;SCN1A;SCN1A;SCN1A,GOF;LOF;LOF;LOF;LOF
wt_mut_site,5,99,SCN1A:p.E788K,SCN1A,LOF,0.4,0.5609756097560976,0.7130434782608696,SCN5A:p.E1225K;SCN5A:p.S1609L;SCN5A:p.E746K;SCN5A:p.E1295K;SCN8A:p.R1872W,SCN5A;SCN5A;SCN5A;SCN5A;SCN8A,LOF;GOF;LOF;GOF;GOF
wt_mut_site,5,100,SCN1A:p.Y790C,SCN1A,LOF,0.8,0.5609756097560976,1.4260869565217391,SCN5A:p.F93S;SCN5A:p.R1897W;SCN5A:p.D84N;SCN8A:p.R1872W;SCN2A:p.D82G,SCN5A;SCN5A;SCN5A;SCN8A;SCN2A,LOF;LOF;LOF;GOF;LOF
wt_mut_site,5,101,SCN5A:p.E746K,SCN5A,LOF,0.0,0.4869109947643979,0.0,SCN8A:p.R1872W;SCN2A:p.R1882Q;SCN2A:p.R1882G;SCN8A:p.R1872Q;SCN8A:p.R1872L,SCN8A;SCN2A;SCN2A;SCN8A;SCN8A,GOF;GOF;GOF;GOF;GOF
wt_mut_site,5,102,SCN5A:p.G752R,SCN5A,LOF,0.2,0.4869109947643979,0.410752688172043,SCN1A:p.R1575C;SCN2A:p.M1879T;SCN11A:p.I381T;SCN10A:p.V1518I;SCN8A:p.R1872W,SCN1A;SCN2A;SCN11A;SCN10A;SCN8A,GOF;GOF;GOF;LOF;GOF
wt_mut_site,5,103,SCN5A:p.D785N,SCN5A,LOF,0.6,0.4869109947643979,1.232258064516129,SCN1A:p.E1587K;SCN4A:p.N1366S;SCN1A:p.R859C;SCN4A:p.R669H;SCN4A:p.N440K,SCN1A;SCN4A;SCN1A;SCN4A;SCN4A,LOF;GOF;LOF;LOF;GOF
wt_mut_site,5,104,SCN8A:p.G822R,SCN8A,LOF,0.6,0.6196319018404908,0.9683168316831683,SCN2A:p.F1597L;SCN1A:p.M1267I;SCN2A:p.I1571T;SCN5A:p.L136P;SCN1A:p.G1674R,SCN2A;SCN1A;SCN2A;SCN5A;SCN1A,GOF;LOF;GOF;LOF;LOF
wt_mut_site,5,105,SCN10A:p.R756W,SCN10A,LOF,0.8,0.6114457831325302,1.3083743842364532,SCN5A:p.R808C;SCN1A:p.R859C;SCN1A:p.R859H;SCN4A:p.R669H;SCN5A:p.R1626P,SCN5A;SCN1A;SCN1A;SCN4A;SCN5A,LOF;LOF;LOF;LOF;GOF
wt_mut_site,5,106,SCN1A:p.R859H,SCN1A,LOF,1.0,0.5609756097560976,1.7826086956521738,SCN4A:p.R669H;SCN5A:p.R808C;SCN10A:p.R756W;SCN4A:p.R672G;SCN4A:p.R672H,SCN4A;SCN5A;SCN10A;SCN4A;SCN4A,LOF;LOF;LOF;LOF;LOF
wt_mut_site,5,107,SCN4A:p.R669H,SCN4A,LOF,1.0,0.6214511041009464,1.6091370558375635,SCN1A:p.R859H;SCN1A:p.R859C;SCN5A:p.R808C;SCN10A:p.R756W;SCN8A:p.R223G,SCN1A;SCN1A;SCN5A;SCN10A;SCN8A,LOF;LOF;LOF;LOF;LOF
wt_mut_site,5,108,SCN1A:p.R859C,SCN1A,LOF,0.8,0.5609756097560976,1.4260869565217391,SCN5A:p.R808C;SCN10A:p.R756W;SCN4A:p.R669H;SCN4A:p.R672G;SCN5A:p.R1626P,SCN5A;SCN10A;SCN4A;SCN4A;SCN5A,LOF;LOF;LOF;LOF;GOF
wt_mut_site,5,109,SCN5A:p.R808C,SCN5A,LOF,1.0,0.4869109947643979,2.053763440860215,SCN1A:p.R859C;SCN10A:p.R756W;SCN1A:p.R859H;SCN4A:p.R669H;SCN4A:p.R672G,SCN1A;SCN10A;SCN1A;SCN4A;SCN4A,LOF;LOF;LOF;LOF;LOF
wt_mut_site,5,110,SCN4A:p.R672G,SCN4A,LOF,0.6,0.6214511041009464,0.965482233502538,SCN5A:p.R811H;SCN8A:p.R223G;SCN1A:p.R865G;SCN5A:p.R1626P;SCN8A:p.R1620L,SCN5A;SCN8A;SCN1A;SCN5A;SCN8A,LOF;LOF;GOF;GOF;LOF
wt_mut_site,5,111,SCN4A:p.R672H,SCN4A,LOF,0.6,0.6214511041009464,0.965482233502538,SCN5A:p.R811H;SCN1A:p.R865G;SCN8A:p.R223G;SCN5A:p.R1626P;SCN5A:p.R225W,SCN5A;SCN1A;SCN8A;SCN5A;SCN5A,LOF;GOF;LOF;GOF;LOF
wt_mut_site,5,112,SCN5A:p.R811H,SCN5A,LOF,0.8,0.4869109947643979,1.643010752688172,SCN4A:p.R672H;SCN4A:p.R672G;SCN1A:p.R865G;SCN4A:p.R225W;SCN8A:p.R223G,SCN4A;SCN4A;SCN1A;SCN4A;SCN8A,LOF;LOF;GOF;LOF;LOF
wt_mut_site,5,113,SCN3A:p.L855P,SCN3A,GOF,0.4,0.38095238095238093,1.05,SCN5A:p.L812Q;SCN5A:p.V223L;SCN5A:p.T1304M;SCN5A:p.A226V;SCN9A:p.F216S,SCN5A;SCN5A;SCN5A;SCN5A;SCN9A,LOF;LOF;GOF;LOF;GOF
wt_mut_site,5,114,SCN5A:p.L812Q,SCN5A,LOF,0.6,0.4869109947643979,1.232258064516129,SCN3A:p.L855P;SCN9A:p.F216S;SCN3A:p.L247P;SCN1A:p.L986F;SCN1A:p.I1656M,SCN3A;SCN9A;SCN3A;SCN1A;SCN1A,GOF;GOF;LOF;LOF;LOF
wt_mut_site,5,115,SCN1A:p.R865G,SCN1A,GOF,0.2,0.43902439024390244,0.4555555555555556,SCN4A:p.R225W;SCN5A:p.R811H;SCN5A:p.R225W;SCN5A:p.R225P;SCN4A:p.R672H,SCN4A;SCN5A;SCN5A;SCN5A;SCN4A,LOF;LOF;LOF;GOF;LOF
wt_mut_site,5,116,SCN5A:p.K817E,SCN5A,LOF,0.8,0.4869109947643979,1.643010752688172,SCN4A:p.R1457H;SCN4A:p.R1454W;SCN1A:p.R865G;SCN4A:p.R225W;SCN4A:p.R672H,SCN4A;SCN4A;SCN1A;SCN4A;SCN4A,LOF;LOF;GOF;LOF;LOF
wt_mut_site,5,117,SCN1A:p.T875M,SCN1A,LOF,0.6,0.5609756097560976,1.0695652173913042,SCN5A:p.G1642E;SCN5A:p.G1319V;SCN2A:p.T236S;SCN5A:p.T1620M;SCN2A:p.T1623N,SCN5A;SCN5A;SCN2A;SCN5A;SCN2A,LOF;LOF;GOF;LOF;GOF
wt_mut_site,5,118,SCN3A:p.I875T,SCN3A,GOF,0.4,0.38095238095238093,1.05,SCN2A:p.L1330F;SCN1A:p.I1656M;SCN5A:p.L839P;SCN9A:p.I234T;SCN8A:p.I1327V,SCN2A;SCN1A;SCN5A;SCN9A;SCN8A,LOF;LOF;LOF;GOF;GOF
wt_mut_site,5,119,SCN11A:p.G699R,SCN11A,GOF,0.8,0.38596491228070173,2.0727272727272728,SCN5A:p.P1332L;SCN4A:p.P1158L;SCN3A:p.P1333L;SCN2A:p.P1658S;SCN4A:p.F1473S,SCN5A;SCN4A;SCN3A;SCN2A;SCN4A,GOF;GOF;GOF;LOF;GOF
wt_mut_site,5,120,SCN5A:p.L839P,SCN5A,LOF,0.2,0.4869109947643979,0.410752688172043,SCN3A:p.L247P;SCN8A:p.I1327V;SCN3A:p.I875T;SCN4A:p.T704M;SCN8A:p.L1331V,SCN3A;SCN8A;SCN3A;SCN4A;SCN8A,LOF;GOF;GOF;GOF;GOF
wt_mut_site,5,121,SCN4A:p.T704M,SCN4A,GOF,0.4,0.3785488958990536,1.0566666666666669,SCN5A:p.G1661R;SCN1A:p.G1674R;SCN8A:p.L1331V;SCN5A:p.L839P;SCN3A:p.I875T,SCN5A;SCN1A;SCN8A;SCN5A;SCN3A,LOF;LOF;GOF;LOF;GOF
wt_mut_site,5,122,SCN1A:p.F902C,SCN1A,LOF,0.8,0.5609756097560976,1.4260869565217391,SCN5A:p.F851L;SCN5A:p.L1346P;SCN5A:p.W1345C;SCN5A:p.F1344S;SCN5A:p.V1667I,SCN5A;SCN5A;SCN5A;SCN5A;SCN5A,LOF;LOF;LOF;LOF;GOF
wt_mut_site,5,123,SCN5A:p.F851L,SCN5A,LOF,0.6,0.4869109947643979,1.232258064516129,SCN1A:p.F902C;SCN1A:p.S259R;SCN3A:p.Y1669C;SCN9A:p.V872G;SCN1A:p.L263V,SCN1A;SCN1A;SCN3A;SCN9A;SCN1A,LOF;LOF;LOF;GOF;GOF
wt_mut_site,5,124,SCN9A:p.V872G,SCN9A,GOF,0.4,0.3768545994065282,1.0614173228346457,SCN11A:p.V1184A;SCN1A:p.V1353L;SCN5A:p.V1340I;SCN5A:p.V1667I;SCN5A:p.I1660V,SCN11A;SCN1A;SCN5A;SCN5A;SCN5A,GOF;LOF;LOF;GOF;LOF
wt_mut_site,5,125,SCN2A:p.G899S,SCN2A,LOF,1.0,0.620253164556962,1.6122448979591837,SCN8A:p.G269R;SCN1A:p.A1685D;SCN1A:p.A1685V;SCN5A:p.S1672Y;SCN1A:p.G1674R,SCN8A;SCN1A;SCN1A;SCN5A;SCN1A,LOF;LOF;LOF;LOF;LOF
wt_mut_site,5,126,SCN1A:p.M909K,SCN1A,LOF,0.6,0.5609756097560976,1.0695652173913042,SCN10A:p.A1304T;SCN5A:p.F851L;SCN5A:p.L276Q;SCN2A:p.G899S;SCN4A:p.V445M,SCN10A;SCN5A;SCN5A;SCN2A;SCN4A,GOF;LOF;LOF;LOF;GOF
wt_mut_site,5,127,SCN10A:p.R814H,SCN10A,GOF,0.2,0.3885542168674699,0.5147286821705427,SCN2A:p.K908E;SCN5A:p.R282H;SCN5A:p.R1897W;SCN5A:p.R27H;SCN5A:p.R689H,SCN2A;SCN5A;SCN5A;SCN5A;SCN5A,GOF;LOF;LOF;LOF;LOF
wt_mut_site,5,128,SCN2A:p.K908E,SCN2A,GOF,0.6,0.379746835443038,1.5799999999999998,SCN10A:p.R814H;SCN5A:p.R18W;SCN5A:p.R1897W;SCN9A:p.Q10R;SCN5A:p.D84N,SCN10A;SCN5A;SCN5A;SCN9A;SCN5A,GOF;GOF;LOF;GOF;LOF
wt_mut_site,5,129,SCN5A:p.W879R,SCN5A,LOF,0.4,0.4869109947643979,0.821505376344086,SCN10A:p.R814H;SCN2A:p.K908E;SCN3A:p.K354Q;SCN10A:p.D1639N;SCN4A:p.P382T,SCN10A;SCN2A;SCN3A;SCN10A;SCN4A,GOF;GOF;GOF;LOF;LOF
wt_mut_site,5,130,SCN1A:p.H939Q,SCN1A,LOF,0.6,0.5609756097560976,1.0695652173913042,SCN5A:p.N1722D;SCN5A:p.P1730H;SCN2A:p.K908E;SCN5A:p.R282H;SCN3A:p.K354Q,SCN5A;SCN5A;SCN2A;SCN5A;SCN3A,LOF;LOF;GOF;LOF;GOF
wt_mut_site,5,131,SCN5A:p.I890T,SCN5A,LOF,1.0,0.4869109947643979,2.053763440860215,SCN1A:p.M956T;SCN2A:p.R937H;SCN1A:p.R946H;SCN2A:p.R937C;SCN1A:p.R946C,SCN1A;SCN2A;SCN1A;SCN2A;SCN1A,LOF;LOF;LOF;LOF;LOF
wt_mut_site,5,132,SCN5A:p.F892I,SCN5A,LOF,0.4,0.4869109947643979,0.821505376344086,SCN1A:p.M956T;SCN9A:p.F216S;SCN2A:p.F1597L;SCN1A:p.F1765L;SCN4A:p.F1298C,SCN1A;SCN9A;SCN2A;SCN1A;SCN4A,LOF;GOF;GOF;LOF;GOF
wt_mut_site,5,133,SCN1A:p.R946C,SCN1A,LOF,1.0,0.5609756097560976,1.7826086956521738,SCN2A:p.R937C;SCN2A:p.R937H;SCN5A:p.R367C;SCN2A:p.R379H;SCN5A:p.R367L,SCN2A;SCN2A;SCN5A;SCN2A;SCN5A,LOF;LOF;LOF;LOF;LOF
wt_mut_site,5,134,SCN2A:p.R937C,SCN2A,LOF,1.0,0.620253164556962,1.6122448979591837,SCN1A:p.R946C;SCN1A:p.R946H;SCN5A:p.R367C;SCN5A:p.R367L;SCN5A:p.R367H,SCN1A;SCN1A;SCN5A;SCN5A;SCN5A,LOF;LOF;LOF;LOF;LOF
wt_mut_site,5,135,SCN1A:p.R946H,SCN1A,LOF,1.0,0.5609756097560976,1.7826086956521738,SCN2A:p.R937H;SCN2A:p.R937C;SCN2A:p.R379H;SCN5A:p.R367H;SCN5A:p.R367C,SCN2A;SCN2A;SCN2A;SCN5A;SCN5A,LOF;LOF;LOF;LOF;LOF
wt_mut_site,5,136,SCN2A:p.R937H,SCN2A,LOF,1.0,0.620253164556962,1.6122448979591837,SCN1A:p.R946H;SCN1A:p.R946C;SCN5A:p.R367H;SCN5A:p.R367C;SCN5A:p.R367L,SCN1A;SCN1A;SCN5A;SCN5A;SCN5A,LOF;LOF;LOF;LOF;LOF
wt_mut_site,5,137,SCN5A:p.E901K,SCN5A,LOF,0.6,0.4869109947643979,1.232258064516129,SCN8A:p.N374K;SCN1A:p.H939Q;SCN1A:p.D1866Y;SCN1A:p.R393H;SCN10A:p.D1639N,SCN8A;SCN1A;SCN1A;SCN1A;SCN10A,GOF;LOF;GOF;LOF;LOF
wt_mut_site,5,138,SCN1A:p.M956T,SCN1A,LOF,0.6,0.5609756097560976,1.0695652173913042,SCN2A:p.L1330F;SCN3A:p.I875T;SCN5A:p.F892I;SCN5A:p.L276Q;SCN4A:p.L796V,SCN2A;SCN3A;SCN5A;SCN5A;SCN4A,LOF;GOF;LOF;LOF;GOF
wt_mut_site,5,139,SCN1A:p.C959R,SCN1A,LOF,1.0,0.5609756097560976,1.7826086956521738,SCN5A:p.A1428V;SCN5A:p.A1428S;SCN2A:p.C1386R;SCN4A:p.C1209F;SCN10A:p.L867F,SCN5A;SCN5A;SCN2A;SCN4A;SCN10A,LOF;LOF;LOF;LOF;LOF
wt_mut_site,5,140,SCN5A:p.S910L,SCN5A,LOF,0.0,0.4869109947643979,0.0,SCN8A:p.R1872L;SCN8A:p.R1872W;SCN2A:p.R1882Q;SCN8A:p.R1872Q;SCN2A:p.R1882G,SCN8A;SCN8A;SCN2A;SCN8A;SCN2A,GOF;GOF;GOF;GOF;GOF
wt_mut_site,5,141,SCN10A:p.L867F,SCN10A,LOF,0.6,0.6114457831325302,0.9812807881773398,SCN11A:p.I381T;SCN5A:p.G1748D;SCN5A:p.L325R;SCN5A:p.L619F;SCN5A:p.R1897W,SCN11A;SCN5A;SCN5A;SCN5A;SCN5A,GOF;LOF;LOF;GOF;LOF
wt_mut_site,5,142,SCN1A:p.G979R,SCN1A,LOF,1.0,0.5609756097560976,1.7826086956521738,SCN8A:p.G964R;SCN5A:p.N927S;SCN8A:p.G269R;SCN5A:p.G1661R;SCN2A:p.G899S,SCN8A;SCN5A;SCN8A;SCN5A;SCN2A,LOF;LOF;LOF;LOF;LOF
wt_mut_site,5,143,SCN8A:p.G964R,SCN8A,LOF,1.0,0.6196319018404908,1.613861386138614,SCN1A:p.G979R;SCN5A:p.N927S;SCN1A:p.G1674R;SCN1A:p.V983A;SCN5A:p.G1661R,SCN1A;SCN5A;SCN1A;SCN1A;SCN5A,LOF;LOF;LOF;LOF;LOF
wt_mut_site,5,144,SCN5A:p.N927S,SCN5A,LOF,0.6,0.4869109947643979,1.232258064516129,SCN1A:p.F1774S;SCN1A:p.N985I;SCN8A:p.G964R;SCN1A:p.G979R;SCN8A:p.N1768D,SCN1A;SCN1A;SCN8A;SCN1A;SCN8A,GOF;LOF;LOF;LOF;GOF
wt_mut_site,5,145,SCN5A:p.L928P,SCN5A,LOF,0.2,0.4869109947643979,0.410752688172043,SCN1A:p.L986F;SCN4A:p.L796V;SCN3A:p.M1765I;SCN8A:p.M1760I;SCN1A:p.F1774S,SCN1A;SCN4A;SCN3A;SCN8A;SCN1A,LOF;GOF;GOF;GOF;GOF
wt_mut_site,5,146,SCN1A:p.V983A,SCN1A,LOF,0.4,0.5609756097560976,0.7130434782608696,SCN10A:p.L388M;SCN5A:p.V1763M;SCN5A:p.T1461S;SCN5A:p.I1762A;SCN9A:p.V400M,SCN10A;SCN5A;SCN5A;SCN5A;SCN9A,LOF;GOF;LOF;GOF;GOF
wt_mut_site,5,147,SCN1A:p.N985I,SCN1A,LOF,0.4,0.5609756097560976,0.7130434782608696,SCN9A:p.N395K;SCN4A:p.N440K;SCN5A:p.N406S;SCN5A:p.N1541D;SCN4A:p.N1366S,SCN9A;SCN4A;SCN5A;SCN5A;SCN4A,GOF;GOF;LOF;LOF;GOF
wt_mut_site,5,148,SCN1A:p.L986F,SCN1A,LOF,0.4,0.5609756097560976,0.7130434782608696,SCN4A:p.L796V;SCN3A:p.M1765I;SCN8A:p.M1760I;SCN2A:p.L1330F;SCN5A:p.L928P,SCN4A;SCN3A;SCN8A;SCN2A;SCN5A,GOF;GOF;GOF;LOF;LOF
wt_mut_site,5,149,SCN4A:p.L796V,SCN4A,GOF,0.6,0.3785488958990536,1.585,SCN1A:p.L986F;SCN3A:p.M1765I;SCN8A:p.M1760I;SCN1A:p.L263V;SCN2A:p.L1330F,SCN1A;SCN3A;SCN8A;SCN1A;SCN2A,LOF;GOF;GOF;GOF;LOF
wt_mut_site,5,150,SCN5A:p.S941N,SCN5A,GOF,1.0,0.5130890052356021,1.9489795918367347,SCN8A:p.N1768D;SCN4A:p.N1297S;SCN4A:p.N1297K;SCN11A:p.N816K;SCN1A:p.Q1489H,SCN8A;SCN4A;SCN4A;SCN11A;SCN1A,GOF;GOF;GOF;GOF;GOF
wt_mut_site,5,151,SCN11A:p.N816K,SCN11A,GOF,0.8,0.38596491228070173,2.0727272727272728,SCN2A:p.E999K;SCN5A:p.N592K;SCN5A:p.R18W;SCN8A:p.R1872W;SCN2A:p.R1882G,SCN2A;SCN5A;SCN5A;SCN8A;SCN2A,GOF;LOF;GOF;GOF;GOF
wt_mut_site,5,152,SCN2A:p.E999K,SCN2A,GOF,0.4,0.379746835443038,1.0533333333333332,SCN1A:p.N1011I;SCN1A:p.E78D;SCN5A:p.R18W;SCN5A:p.N592K;SCN9A:p.Q10R,SCN1A;SCN1A;SCN5A;SCN5A;SCN9A,LOF;LOF;GOF;LOF;GOF
wt_mut_site,5,153,SCN1A:p.N1011I,SCN1A,LOF,0.4,0.5609756097560976,0.7130434782608696,SCN2A:p.E999K;SCN5A:p.R18W;SCN5A:p.R965C;SCN5A:p.N592K;SCN9A:p.Q10R,SCN2A;SCN5A;SCN5A;SCN5A;SCN9A,GOF;GOF;LOF;LOF;GOF
wt_mut_site,5,154,SCN5A:p.R965C,SCN5A,LOF,0.2,0.4869109947643979,0.410752688172043,SCN8A:p.R1872W;SCN1A:p.N1011I;SCN8A:p.R1872L;SCN8A:p.R1872Q;SCN2A:p.R1882G,SCN8A;SCN1A;SCN8A;SCN8A;SCN2A,GOF;LOF;GOF;GOF;GOF
wt_mut_site,5,155,SCN5A:p.R1023H,SCN5A,LOF,0.2,0.4869109947643979,0.410752688172043,SCN9A:p.Q10R;SCN10A:p.A1886V;SCN2A:p.D12N;SCN10A:p.L554P;SCN9A:p.D623N,SCN9A;SCN10A;SCN2A;SCN10A;SCN9A,GOF;GOF;LOF;GOF;GOF
wt_mut_site,5,156,SCN10A:p.P1102S,SCN10A,GOF,0.4,0.3885542168674699,1.0294573643410854,SCN5A:p.R18W;SCN5A:p.R27H;SCN5A:p.F93S;SCN5A:p.P2006A;SCN1A:p.E78D,SCN5A;SCN5A;SCN5A;SCN5A;SCN1A,GOF;LOF;LOF;GOF;LOF
wt_mut_site,5,157,SCN5A:p.S1103Y,SCN5A,GOF,0.8,0.5130890052356021,1.5591836734693878,SCN10A:p.L554P;SCN10A:p.A1886V;SCN2A:p.D12N;SCN9A:p.D623N;SCN9A:p.Q10R,SCN10A;SCN10A;SCN2A;SCN9A;SCN9A,GOF;GOF;LOF;GOF;GOF
wt_mut_site,5,158,SCN5A:p.P1177L,SCN5A,GOF,0.6,0.5130890052356021,1.1693877551020408,SCN10A:p.V94G;SCN2A:p.D12N;SCN9A:p.Q10R;SCN10A:p.P1102S;SCN8A:p.R1872L,SCN10A;SCN2A;SCN9A;SCN10A;SCN8A,LOF;LOF;GOF;GOF;GOF
wt_mut_site,5,159,SCN5A:p.R1193Q,SCN5A,LOF,0.2,0.4869109947643979,0.410752688172043,SCN8A:p.R1872Q;SCN2A:p.R1882Q;SCN8A:p.R1872W;SCN10A:p.V94G;SCN8A:p.R1872L,SCN8A;SCN2A;SCN8A;SCN10A;SCN8A,GOF;GOF;GOF;LOF;GOF
wt_mut_site,5,160,SCN5A:p.S1218I,SCN5A,LOF,0.2,0.4869109947643979,0.410752688172043,SCN4A:p.N1366S;SCN1A:p.N985I;SCN4A:p.N440K;SCN9A:p.N395K;SCN8A:p.T767I,SCN4A;SCN1A;SCN4A;SCN9A;SCN8A,GOF;LOF;GOF;GOF;GOF
wt_mut_site,5,161,SCN5A:p.E1225K,SCN5A,LOF,0.2,0.4869109947643979,0.410752688172043,SCN1A:p.E788K;SCN1A:p.D1866Y;SCN8A:p.R1872W;SCN2A:p.R1882Q;SCN8A:p.R1872Q,SCN1A;SCN1A;SCN8A;SCN2A;SCN8A,LOF;GOF;GOF;GOF;GOF
wt_mut_site,5,162,SCN5A:p.R1232W,SCN5A,LOF,0.2,0.4869109947643979,0.410752688172043,SCN8A:p.R1872W;SCN8A:p.R1872L;SCN8A:p.R1872Q;SCN2A:p.R1882Q;SCN2A:p.D12N,SCN8A;SCN8A;SCN8A;SCN2A;SCN2A,GOF;GOF;GOF;GOF;LOF
wt_mut_site,5,163,SCN1A:p.M1267I,SCN1A,LOF,0.2,0.5609756097560976,0.3565217391304348,SCN3A:p.M1765I;SCN8A:p.M1760I;SCN8A:p.G822R;SCN8A:p.T767I;SCN2A:p.T773I,SCN3A;SCN8A;SCN8A;SCN8A;SCN2A,GOF;GOF;LOF;GOF;GOF
wt_mut_site,5,164,SCN5A:p.G1262S,SCN5A,LOF,0.8,0.4869109947643979,1.643010752688172,SCN1A:p.R1596C;SCN1A:p.G177A;SCN1A:p.G177E;SCN8A:p.G1475R;SCN1A:p.T1709I,SCN1A;SCN1A;SCN1A;SCN8A;SCN1A,LOF;LOF;LOF;GOF;LOF
wt_mut_site,5,165,SCN5A:p.A1294G,SCN5A,LOF,0.6,0.4869109947643979,1.232258064516129,SCN2A:p.D82G;SCN2A:p.D12N;SCN10A:p.V94G;SCN2A:p.R1882G;SCN9A:p.Q10R,SCN2A;SCN2A;SCN10A;SCN2A;SCN9A,LOF;LOF;LOF;GOF;GOF
wt_mut_site,5,166,SCN5A:p.E1295K,SCN5A,GOF,0.8,0.5130890052356021,1.5591836734693878,SCN2A:p.E999K;SCN9A:p.Q10R;SCN2A:p.D12N;SCN8A:p.R1872W;SCN8A:p.R1872Q,SCN2A;SCN9A;SCN2A;SCN8A;SCN8A,GOF;GOF;LOF;GOF;GOF
wt_mut_site,5,167,SCN5A:p.T1304M,SCN5A,GOF,0.8,0.5130890052356021,1.5591836734693878,SCN3A:p.L855P;SCN2A:p.T1623N;SCN9A:p.S211P;SCN4A:p.V1442E;SCN11A:p.L1158P,SCN3A;SCN2A;SCN9A;SCN4A;SCN11A,GOF;GOF;GOF;LOF;GOF
wt_mut_site,5,168,SCN2A:p.R1312T,SCN2A,LOF,0.6,0.620253164556962,0.9673469387755103,SCN4A:p.R225W;SCN5A:p.R225W;SCN5A:p.R225P;SCN1A:p.R865G;SCN5A:p.R1632C,SCN4A;SCN5A;SCN5A;SCN1A;SCN5A,LOF;LOF;GOF;GOF;LOF
wt_mut_site,5,169,SCN11A:p.L1158P,SCN11A,GOF,0.6,0.38596491228070173,1.5545454545454547,SCN1A:p.I227S;SCN1A:p.I1656M;SCN5A:p.G1631D;SCN9A:p.I228M;SCN3A:p.L855P,SCN1A;SCN1A;SCN5A;SCN9A;SCN3A,LOF;LOF;GOF;GOF;GOF
wt_mut_site,5,170,SCN2A:p.R1319Q,SCN2A,LOF,0.6,0.620253164556962,0.9673469387755103,SCN10A:p.R1588Q;SCN11A:p.R222H;SCN5A:p.R1644C;SCN5A:p.R1644H;SCN8A:p.R1638C,SCN10A;SCN11A;SCN5A;SCN5A;SCN8A,LOF;GOF;LOF;GOF;LOF
wt_mut_site,5,171,SCN5A:p.G1319V,SCN5A,LOF,0.8,0.4869109947643979,1.643010752688172,SCN1A:p.T875M;SCN8A:p.G269R;SCN1A:p.G177A;SCN1A:p.G177E;SCN11A:p.G699R,SCN1A;SCN8A;SCN1A;SCN1A;SCN11A,LOF;LOF;LOF;LOF;GOF
wt_mut_site,5,172,SCN5A:p.N1325S,SCN5A,GOF,1.0,0.5130890052356021,1.9489795918367347,SCN4A:p.F1473S;SCN3A:p.F1646C;SCN1A:p.F1661L;SCN11A:p.G699R;SCN2A:p.T236S,SCN4A;SCN3A;SCN1A;SCN11A;SCN2A,GOF;GOF;GOF;GOF;GOF
wt_mut_site,5,173,SCN2A:p.L1330F,SCN2A,LOF,0.6,0.620253164556962,0.9673469387755103,SCN3A:p.I875T;SCN1A:p.I1656M;SCN3A:p.L247P;SCN9A:p.I234T;SCN1A:p.L986F,SCN3A;SCN1A;SCN3A;SCN9A;SCN1A,GOF;LOF;LOF;GOF;LOF
wt_mut_site,5,174,SCN5A:p.V1328M,SCN5A,GOF,0.4,0.5130890052356021,0.7795918367346939,SCN1A:p.M1664K;SCN3A:p.I875T;SCN2A:p.L1330F;SCN1A:p.I1656M;SCN3A:p.F1646C,SCN1A;SCN3A;SCN2A;SCN1A;SCN3A,LOF;GOF;LOF;LOF;GOF
wt_mut_site,5,175,SCN5A:p.A1330P,SCN5A,GOF,0.6,0.5130890052356021,1.1693877551020408,SCN4A:p.A1156T;SCN10A:p.S242T;SCN9A:p.S241T;SCN1A:p.A1685D;SCN1A:p.A1685V,SCN4A;SCN10A;SCN9A;SCN1A;SCN1A,GOF;GOF;GOF;LOF;LOF
wt_mut_site,5,176,SCN4A:p.A1156T,SCN4A,GOF,0.8,0.3785488958990536,2.1133333333333337,SCN5A:p.A1330T;SCN5A:p.A1330P;SCN10A:p.S242T;SCN9A:p.S241T;SCN1A:p.A1685D,SCN5A;SCN5A;SCN10A;SCN9A;SCN1A,GOF;GOF;GOF;GOF;LOF
wt_mut_site,5,177,SCN5A:p.A1330T,SCN5A,GOF,0.6,0.5130890052356021,1.1693877551020408,SCN4A:p.A1156T;SCN10A:p.S242T;SCN9A:p.S241T;SCN1A:p.A1685D;SCN1A:p.A1685V,SCN4A;SCN10A;SCN9A;SCN1A;SCN1A,GOF;GOF;GOF;LOF;LOF
wt_mut_site,5,178,SCN3A:p.P1333L,SCN3A,GOF,0.8,0.38095238095238093,2.1,SCN4A:p.P1158L;SCN5A:p.P1332L;SCN2A:p.P1658S;SCN11A:p.G699R;SCN1A:p.F1661L,SCN4A;SCN5A;SCN2A;SCN11A;SCN1A,GOF;GOF;LOF;GOF;GOF
wt_mut_site,5,179,SCN4A:p.P1158L,SCN4A,GOF,0.8,0.3785488958990536,2.1133333333333337,SCN3A:p.P1333L;SCN5A:p.P1332L;SCN2A:p.P1658S;SCN11A:p.G699R;SCN5A:p.N1325S,SCN3A;SCN5A;SCN2A;SCN11A;SCN5A,GOF;GOF;LOF;GOF;GOF
wt_mut_site,5,180,SCN5A:p.P1332L,SCN5A,GOF,0.8,0.5130890052356021,1.5591836734693878,SCN3A:p.P1333L;SCN4A:p.P1158L;SCN2A:p.P1658S;SCN11A:p.G699R;SCN1A:p.F1661L,SCN3A;SCN4A;SCN2A;SCN11A;SCN1A,GOF;GOF;LOF;GOF;GOF
wt_mut_site,5,181,SCN5A:p.S1333Y,SCN5A,GOF,0.8,0.5130890052356021,1.5591836734693878,SCN2A:p.S1336Y;SCN2A:p.N1339D;SCN4A:p.P1158L;SCN3A:p.P1333L;SCN1A:p.D249E,SCN2A;SCN2A;SCN4A;SCN3A;SCN1A,GOF;GOF;GOF;GOF;LOF
wt_mut_site,5,182,SCN2A:p.S1336Y,SCN2A,GOF,1.0,0.379746835443038,2.6333333333333333,SCN5A:p.S1333Y;SCN5A:p.A1656D;SCN3A:p.P1333L;SCN4A:p.P1158L;SCN5A:p.P1332L,SCN5A;SCN5A;SCN3A;SCN4A;SCN5A,GOF;GOF;GOF;GOF;GOF
wt_mut_site,5,183,SCN8A:p.I1327V,SCN8A,GOF,0.2,0.3803680981595092,0.5258064516129032,SCN3A:p.L247P;SCN5A:p.L839P;SCN5A:p.I1660V;SCN3A:p.I875T;SCN1A:p.I1656M,SCN3A;SCN5A;SCN5A;SCN3A;SCN1A,LOF;LOF;LOF;GOF;LOF
wt_mut_site,5,184,SCN2A:p.N1339D,SCN2A,GOF,0.8,0.379746835443038,2.1066666666666665,SCN1A:p.D249E;SCN5A:p.N1325S;SCN5A:p.S1333Y;SCN3A:p.P1333L;SCN4A:p.P1158L,SCN1A;SCN5A;SCN5A;SCN3A;SCN4A,LOF;GOF;GOF;GOF;GOF
wt_mut_site,5,185,SCN8A:p.L1331V,SCN8A,GOF,0.2,0.3803680981595092,0.5258064516129032,SCN4A:p.T704M;SCN1A:p.G1674R;SCN5A:p.G1661R;SCN5A:p.L839P;SCN5A:p.L1346P,SCN4A;SCN1A;SCN5A;SCN5A;SCN5A,GOF;LOF;LOF;LOF;LOF
wt_mut_site,5,186,SCN11A:p.V1184A,SCN11A,GOF,0.4,0.38596491228070173,1.0363636363636364,SCN1A:p.V1353L;SCN5A:p.V1340I;SCN9A:p.V872G;SCN5A:p.F1344S;SCN5A:p.V1667I,SCN1A;SCN5A;SCN9A;SCN5A;SCN5A,LOF;LOF;GOF;LOF;GOF
wt_mut_site,5,187,SCN5A:p.V1340I,SCN5A,LOF,0.2,0.4869109947643979,0.410752688172043,SCN1A:p.V1353L;SCN11A:p.V1184A;SCN9A:p.V872G;SCN8A:p.I1327V;SCN4A:p.V1293I,SCN1A;SCN11A;SCN9A;SCN8A;SCN4A,LOF;GOF;GOF;GOF;GOF
wt_mut_site,5,188,SCN1A:p.V1353L,SCN1A,LOF,0.4,0.5609756097560976,0.7130434782608696,SCN5A:p.V1340I;SCN11A:p.V1184A;SCN9A:p.V872G;SCN5A:p.V1667I;SCN5A:p.F1344S,SCN5A;SCN11A;SCN9A;SCN5A;SCN5A,LOF;GOF;GOF;GOF;LOF
wt_mut_site,5,189,SCN5A:p.F1344S,SCN5A,LOF,0.6,0.4869109947643979,1.232258064516129,SCN11A:p.V1184A;SCN1A:p.V1353L;SCN9A:p.V872G;SCN1A:p.F902C;SCN1A:p.S259R,SCN11A;SCN1A;SCN9A;SCN1A;SCN1A,GOF;LOF;GOF;LOF;LOF
wt_mut_site,5,190,SCN5A:p.W1345C,SCN5A,LOF,0.6,0.4869109947643979,1.232258064516129,SCN1A:p.F902C;SCN3A:p.Y1669C;SCN1A:p.S259R;SCN8A:p.L1331V;SCN9A:p.V872G,SCN1A;SCN3A;SCN1A;SCN8A;SCN9A,LOF;LOF;LOF;GOF;GOF
wt_mut_site,5,191,SCN5A:p.L1346P,SCN5A,LOF,0.4,0.4869109947643979,0.821505376344086,SCN1A:p.S259R;SCN1A:p.F902C;SCN8A:p.L1331V;SCN1A:p.L263V;SCN9A:p.V872G,SCN1A;SCN1A;SCN8A;SCN1A;SCN9A,LOF;LOF;GOF;GOF;GOF
wt_mut_site,5,192,SCN1A:p.V1366I,SCN1A,LOF,0.4,0.5609756097560976,0.7130434782608696,SCN5A:p.V1667I;SCN4A:p.V1293I;SCN5A:p.V1340I;SCN10A:p.A1304T;SCN8A:p.V1758A,SCN5A;SCN4A;SCN5A;SCN10A;SCN8A,GOF;GOF;LOF;GOF;LOF
wt_mut_site,5,193,SCN10A:p.A1304T,SCN10A,GOF,0.2,0.3885542168674699,0.5147286821705427,SCN1A:p.V1366I;SCN1A:p.M909K;SCN1A:p.A1685D;SCN2A:p.A263V;SCN1A:p.A1685V,SCN1A;SCN1A;SCN1A;SCN2A;SCN1A,LOF;LOF;LOF;GOF;LOF
wt_mut_site,5,194,SCN8A:p.T1360N,SCN8A,LOF,0.8,0.6196319018404908,1.2910891089108911,SCN1A:p.G1749E;SCN5A:p.S1382I;SCN1A:p.T297I;SCN9A:p.D623N;SCN2A:p.D12N,SCN1A;SCN5A;SCN1A;SCN9A;SCN2A,LOF;LOF;LOF;GOF;LOF
wt_mut_site,5,195,SCN5A:p.V1378M,SCN5A,LOF,0.2,0.4869109947643979,0.410752688172043,SCN2A:p.M1879T;SCN10A:p.V94G;SCN8A:p.R1872W;SCN2A:p.R1882Q;SCN2A:p.R1882G,SCN2A;SCN10A;SCN8A;SCN2A;SCN2A,GOF;LOF;GOF;GOF;GOF
wt_mut_site,5,196,SCN5A:p.N1380K,SCN5A,LOF,0.4,0.4869109947643979,0.821505376344086,SCN1A:p.G1749E;SCN2A:p.K908E;SCN9A:p.Q10R;SCN8A:p.R1872W;SCN10A:p.D1639N,SCN1A;SCN2A;SCN9A;SCN8A;SCN10A,LOF;GOF;GOF;GOF;LOF
wt_mut_site,5,197,SCN5A:p.S1382I,SCN5A,LOF,1.0,0.4869109947643979,2.053763440860215,SCN1A:p.T297I;SCN1A:p.G1749E;SCN2A:p.D82G;SCN8A:p.T1360N;SCN1A:p.E78D,SCN1A;SCN1A;SCN2A;SCN8A;SCN1A,LOF;LOF;LOF;LOF;LOF
wt_mut_site,5,198,SCN4A:p.C1209F,SCN4A,LOF,0.6,0.6214511041009464,0.965482233502538,SCN2A:p.C1386R;SCN5A:p.C335R;SCN5A:p.V1378M;SCN2A:p.M1879T;SCN8A:p.R1872W,SCN2A;SCN5A;SCN5A;SCN2A;SCN8A,LOF;LOF;LOF;GOF;GOF
wt_mut_site,5,199,SCN2A:p.C1386R,SCN2A,LOF,0.8,0.620253164556962,1.289795918367347,SCN4A:p.C1209F;SCN5A:p.C335R;SCN5A:p.V1378M;SCN8A:p.R1872W;SCN5A:p.L325R,SCN4A;SCN5A;SCN5A;SCN8A;SCN5A,LOF;LOF;LOF;GOF;LOF
wt_mut_site,5,200,SCN5A:p.V1405L,SCN5A,LOF,0.4,0.4869109947643979,0.821505376344086,SCN1A:p.F1831S;SCN3A:p.I875T;SCN3A:p.V1769A;SCN1A:p.M956T;SCN11A:p.I381T,SCN1A;SCN3A;SCN3A;SCN1A;SCN11A,LOF;GOF;GOF;LOF;GOF
wt_mut_site,5,201,SCN5A:p.V1405M,SCN5A,LOF,0.4,0.4869109947643979,0.821505376344086,SCN1A:p.F1831S;SCN3A:p.V1769A;SCN3A:p.I875T;SCN1A:p.M956T;SCN11A:p.I381T,SCN1A;SCN3A;SCN3A;SCN1A;SCN11A,LOF;GOF;GOF;LOF;GOF
wt_mut_site,5,202,SCN5A:p.G1406E,SCN5A,LOF,0.0,0.4869109947643979,0.0,SCN8A:p.R1872W;SCN2A:p.M1879T;SCN2A:p.R1882Q;SCN8A:p.R1872Q;SCN8A:p.R1872L,SCN8A;SCN2A;SCN2A;SCN8A;SCN8A,GOF;GOF;GOF;GOF;GOF
wt_mut_site,5,203,SCN5A:p.G1406R,SCN5A,LOF,0.0,0.4869109947643979,0.0,SCN8A:p.R1872W;SCN2A:p.M1879T;SCN2A:p.R1882Q;SCN8A:p.R1872Q;SCN8A:p.R1872L,SCN8A;SCN2A;SCN2A;SCN8A;SCN8A,GOF;GOF;GOF;GOF;GOF
wt_mut_site,5,204,SCN1A:p.G1421W,SCN1A,LOF,0.8,0.5609756097560976,1.4260869565217391,SCN5A:p.G1748D;SCN5A:p.A1428S;SCN5A:p.A1428V;SCN5A:p.A1330P;SCN5A:p.G1406E,SCN5A;SCN5A;SCN5A;SCN5A;SCN5A,LOF;LOF;LOF;GOF;LOF
wt_mut_site,5,205,SCN2A:p.T1420M,SCN2A,LOF,1.0,0.620253164556962,1.6122448979591837,SCN5A:p.T1709M;SCN5A:p.M369K;SCN5A:p.G1420V;SCN5A:p.G1420R;SCN5A:p.G1712C,SCN5A;SCN5A;SCN5A;SCN5A;SCN5A,LOF;LOF;LOF;LOF;LOF
wt_mut_site,5,206,SCN5A:p.G1420R,SCN5A,LOF,0.6,0.4869109947643979,1.232258064516129,SCN10A:p.G1662S;SCN8A:p.N374K;SCN2A:p.T1420M;SCN1A:p.H939Q;SCN1A:p.G1421W,SCN10A;SCN8A;SCN2A;SCN1A;SCN1A,GOF;GOF;LOF;LOF;LOF
wt_mut_site,5,207,SCN5A:p.G1420V,SCN5A,LOF,0.6,0.4869109947643979,1.232258064516129,SCN10A:p.G1662S;SCN8A:p.N374K;SCN2A:p.T1420M;SCN1A:p.H939Q;SCN1A:p.G1421W,SCN10A;SCN8A;SCN2A;SCN1A;SCN1A,GOF;GOF;LOF;LOF;LOF
wt_mut_site,5,208,SCN5A:p.A1428S,SCN5A,LOF,0.8,0.4869109947643979,1.643010752688172,SCN1A:p.C959R;SCN1A:p.G1421W;SCN8A:p.A1491V;SCN2A:p.C1386R;SCN1A:p.F1831S,SCN1A;SCN1A;SCN8A;SCN2A;SCN1A,LOF;LOF;GOF;LOF;LOF
wt_mut_site,5,209,SCN5A:p.A1428V,SCN5A,LOF,0.8,0.4869109947643979,1.643010752688172,SCN1A:p.C959R;SCN8A:p.A1491V;SCN4A:p.C1209F;SCN2A:p.C1386R;SCN10A:p.L867F,SCN1A;SCN8A;SCN4A;SCN2A;SCN10A,LOF;GOF;LOF;LOF;LOF
wt_mut_site,5,210,SCN5A:p.D1430N,SCN5A,LOF,0.6,0.4869109947643979,1.232258064516129,SCN1A:p.R393H;SCN1A:p.D1866Y;SCN10A:p.D1639N;SCN2A:p.D12N;SCN9A:p.D623N,SCN1A;SCN1A;SCN10A;SCN2A;SCN9A,LOF;GOF;LOF;LOF;GOF
wt_mut_site,5,211,SCN5A:p.R1432G,SCN5A,LOF,0.2,0.4869109947643979,0.410752688172043,SCN2A:p.R1882G;SCN8A:p.R1872W;SCN8A:p.R1872Q;SCN10A:p.V94G;SCN8A:p.R1872L,SCN2A;SCN8A;SCN8A;SCN10A;SCN8A,GOF;GOF;GOF;LOF;GOF
wt_mut_site,5,212,SCN5A:p.Y1449C,SCN5A,LOF,0.6,0.4869109947643979,1.232258064516129,SCN1A:p.F1765L;SCN2A:p.Y1589C;SCN11A:p.I381T;SCN3A:p.Y1669C;SCN1A:p.F1831S,SCN1A;SCN2A;SCN11A;SCN3A;SCN1A,LOF;GOF;GOF;LOF;LOF
wt_mut_site,5,213,SCN5A:p.T1461S,SCN5A,LOF,0.6,0.4869109947643979,1.232258064516129,SCN10A:p.L388M;SCN1A:p.V983A;SCN8A:p.V1758A;SCN3A:p.V1769A;SCN10A:p.I1706V,SCN10A;SCN1A;SCN8A;SCN3A;SCN10A,LOF;LOF;LOF;GOF;GOF
wt_mut_site,5,214,SCN4A:p.V1293I,SCN4A,GOF,0.8,0.3785488958990536,2.1133333333333337,SCN2A:p.V423L;SCN9A:p.V400M;SCN5A:p.V411M;SCN3A:p.V1769A;SCN5A:p.V1340I,SCN2A;SCN9A;SCN5A;SCN3A;SCN5A,GOF;GOF;GOF;GOF;LOF
wt_mut_site,5,215,SCN2A:p.I1473M,SCN2A,GOF,0.8,0.379746835443038,2.1066666666666665,SCN4A:p.F1298C;SCN5A:p.F1473C;SCN5A:p.F1473S;SCN5A:p.I1768V;SCN1A:p.Y426N,SCN4A;SCN5A;SCN5A;SCN5A;SCN1A,GOF;GOF;GOF;GOF;LOF
wt_mut_site,5,216,SCN4A:p.N1297K,SCN4A,GOF,1.0,0.3785488958990536,2.6416666666666666,SCN5A:p.N1774D;SCN8A:p.N1768D;SCN5A:p.S941N;SCN1A:p.Q1489K;SCN1A:p.Q1489H,SCN5A;SCN8A;SCN5A;SCN1A;SCN1A,GOF;GOF;GOF;GOF;GOF
wt_mut_site,5,217,SCN4A:p.N1297S,SCN4A,GOF,1.0,0.3785488958990536,2.6416666666666666,SCN5A:p.N1774D;SCN8A:p.N1768D;SCN5A:p.S941N;SCN1A:p.Q1489H;SCN1A:p.Q1489K,SCN5A;SCN8A;SCN5A;SCN1A;SCN1A,GOF;GOF;GOF;GOF;GOF
wt_mut_site,5,218,SCN4A:p.F1298C,SCN4A,GOF,0.6,0.3785488958990536,1.585,SCN5A:p.F1473C;SCN5A:p.F1473S;SCN1A:p.Y426N;SCN1A:p.F1831S;SCN2A:p.I1473M,SCN5A;SCN5A;SCN1A;SCN1A;SCN2A,GOF;GOF;LOF;LOF;GOF
wt_mut_site,5,219,SCN5A:p.F1473C,SCN5A,GOF,0.6,0.5130890052356021,1.1693877551020408,SCN4A:p.F1298C;SCN1A:p.Y426N;SCN2A:p.I1473M;SCN1A:p.F1831S;SCN9A:p.F216S,SCN4A;SCN1A;SCN2A;SCN1A;SCN9A,GOF;LOF;GOF;LOF;GOF
wt_mut_site,5,220,SCN5A:p.F1473S,SCN5A,GOF,0.6,0.5130890052356021,1.1693877551020408,SCN4A:p.F1298C;SCN1A:p.Y426N;SCN1A:p.F1831S;SCN2A:p.I1473M;SCN9A:p.F216S,SCN4A;SCN1A;SCN1A;SCN2A;SCN9A,GOF;LOF;LOF;GOF;GOF
wt_mut_site,5,221,SCN5A:p.Q1475P,SCN5A,GOF,1.0,0.5130890052356021,1.9489795918367347,SCN11A:p.N816K;SCN1A:p.Q1489H;SCN1A:p.Q1489K;SCN8A:p.R1872W;SCN2A:p.R1882G,SCN11A;SCN1A;SCN1A;SCN8A;SCN2A,GOF;GOF;GOF;GOF;GOF
wt_mut_site,5,222,SCN1A:p.Q1489H,SCN1A,GOF,1.0,0.43902439024390244,2.2777777777777777,SCN5A:p.Q1476R;SCN5A:p.Q1475P;SCN2A:p.M1879T;SCN8A:p.A1491V;SCN4A:p.I1310N,SCN5A;SCN5A;SCN2A;SCN8A;SCN4A,GOF;GOF;GOF;GOF;GOF
wt_mut_site,5,223,SCN1A:p.Q1489K,SCN1A,GOF,1.0,0.43902439024390244,2.2777777777777777,SCN5A:p.Q1476R;SCN5A:p.Q1475P;SCN2A:p.M1879T;SCN11A:p.N816K;SCN8A:p.A1491V,SCN5A;SCN5A;SCN2A;SCN11A;SCN8A,GOF;GOF;GOF;GOF;GOF
wt_mut_site,5,224,SCN5A:p.Q1476R,SCN5A,GOF,0.8,0.5130890052356021,1.5591836734693878,SCN1A:p.Q1489H;SCN1A:p.Q1489K;SCN2A:p.M1879T;SCN8A:p.A1491V;SCN1A:p.I1498M,SCN1A;SCN1A;SCN2A;SCN8A;SCN1A,GOF;GOF;GOF;GOF;LOF
wt_mut_site,5,225,SCN4A:p.G1306E,SCN4A,GOF,1.0,0.3785488958990536,2.6416666666666666,SCN8A:p.G1475R;SCN8A:p.R1872W;SCN2A:p.R1882Q;SCN8A:p.R1872Q;SCN8A:p.R1872L,SCN8A;SCN8A;SCN2A;SCN8A;SCN8A,GOF;GOF;GOF;GOF;GOF
wt_mut_site,5,226,SCN8A:p.G1475R,SCN8A,GOF,1.0,0.3803680981595092,2.629032258064516,SCN4A:p.G1306E;SCN2A:p.R1882Q;SCN2A:p.R1882G;SCN5A:p.R18W;SCN9A:p.Q10R,SCN4A;SCN2A;SCN2A;SCN5A;SCN9A,GOF;GOF;GOF;GOF;GOF
wt_mut_site,5,227,SCN1A:p.I1498M,SCN1A,LOF,0.0,0.5609756097560976,0.0,SCN4A:p.I1310N;SCN5A:p.F1486L;SCN8A:p.R1872W;SCN2A:p.M1879T;SCN2A:p.R1882Q,SCN4A;SCN5A;SCN8A;SCN2A;SCN2A,GOF;GOF;GOF;GOF;GOF
wt_mut_site,5,228,SCN4A:p.I1310N,SCN4A,GOF,0.8,0.3785488958990536,2.1133333333333337,SCN1A:p.I1498M;SCN1A:p.F1499L;SCN5A:p.F1486L;SCN8A:p.R1872W;SCN2A:p.M1879T,SCN1A;SCN1A;SCN5A;SCN8A;SCN2A,LOF;GOF;GOF;GOF;GOF
wt_mut_site,5,229,SCN5A:p.F1486L,SCN5A,GOF,0.8,0.5130890052356021,1.5591836734693878,SCN1A:p.F1499L;SCN1A:p.I1498M;SCN4A:p.I1310N;SCN1A:p.M1500V;SCN2A:p.M1879T,SCN1A;SCN1A;SCN4A;SCN1A;SCN2A,GOF;LOF;GOF;GOF;GOF
wt_mut_site,5,230,SCN1A:p.F1499L,SCN1A,GOF,0.8,0.43902439024390244,1.8222222222222224,SCN5A:p.F1486L;SCN4A:p.I1310N;SCN2A:p.M1879T;SCN5A:p.F93S;SCN8A:p.R1872L,SCN5A;SCN4A;SCN2A;SCN5A;SCN8A,GOF;GOF;GOF;LOF;GOF
wt_mut_site,5,231,SCN1A:p.M1500V,SCN1A,GOF,0.8,0.43902439024390244,1.8222222222222224,SCN5A:p.F1486L;SCN4A:p.I1310N;SCN2A:p.M1879T;SCN5A:p.R1897W;SCN8A:p.A1491V,SCN5A;SCN4A;SCN2A;SCN5A;SCN8A,GOF;GOF;GOF;LOF;GOF
wt_mut_site,5,232,SCN4A:p.T1313A,SCN4A,GOF,0.8,0.3785488958990536,2.1133333333333337,SCN3A:p.T1486I;SCN5A:p.S1787N;SCN5A:p.R1898C;SCN8A:p.R1872W;SCN2A:p.R1882Q,SCN3A;SCN5A;SCN5A;SCN8A;SCN2A,GOF;GOF;LOF;GOF;GOF
wt_mut_site,5,233,SCN4A:p.T1313M,SCN4A,GOF,0.6,0.3785488958990536,1.585,SCN3A:p.T1486I;SCN5A:p.S1787N;SCN5A:p.R1898C;SCN8A:p.R1872W;SCN5A:p.R1897W,SCN3A;SCN5A;SCN5A;SCN8A;SCN5A,GOF;GOF;LOF;GOF;LOF
wt_mut_site,5,234,SCN3A:p.T1486I,SCN3A,GOF,0.8,0.38095238095238093,2.1,SCN4A:p.T1313M;SCN4A:p.T1313A;SCN5A:p.S1787N;SCN5A:p.R1898C;SCN8A:p.R1872W,SCN4A;SCN4A;SCN5A;SCN5A;SCN8A,GOF;GOF;GOF;LOF;GOF
wt_mut_site,5,235,SCN8A:p.A1491V,SCN8A,GOF,0.6,0.3803680981595092,1.5774193548387094,SCN2A:p.M1879T;SCN2A:p.R1882Q;SCN2A:p.R1882G;SCN1A:p.I1498M;SCN5A:p.R1897W,SCN2A;SCN2A;SCN2A;SCN1A;SCN5A,GOF;GOF;GOF;LOF;LOF
wt_mut_site,5,236,SCN5A:p.P1506S,SCN5A,LOF,0.2,0.4869109947643979,0.410752688172043,SCN10A:p.V94G;SCN8A:p.R1872W;SCN2A:p.M1879T;SCN8A:p.R1872L;SCN8A:p.R1872Q,SCN10A;SCN8A;SCN2A;SCN8A;SCN8A,LOF;GOF;GOF;GOF;GOF
wt_mut_site,5,237,SCN5A:p.R1512W,SCN5A,LOF,0.6,0.4869109947643979,1.232258064516129,SCN1A:p.R1525Q;SCN4A:p.R104H;SCN8A:p.R1872W;SCN2A:p.D82G;SCN8A:p.R1872L,SCN1A;SCN4A;SCN8A;SCN2A;SCN8A,LOF;LOF;GOF;LOF;GOF
wt_mut_site,5,238,SCN1A:p.R1525Q,SCN1A,LOF,1.0,0.5609756097560976,1.7826086956521738,SCN5A:p.R1512W;SCN5A:p.R104Q;SCN5A:p.P1506S;SCN4A:p.R104H;SCN5A:p.R104W,SCN5A;SCN5A;SCN5A;SCN4A;SCN5A,LOF;LOF;LOF;LOF;LOF
wt_mut_site,5,239,SCN5A:p.N1541D,SCN5A,LOF,0.2,0.4869109947643979,0.410752688172043,SCN4A:p.N1366S;SCN1A:p.N985I;SCN4A:p.N440K;SCN9A:p.N395K;SCN8A:p.N1768D,SCN4A;SCN1A;SCN4A;SCN9A;SCN8A,GOF;LOF;GOF;GOF;GOF
wt_mut_site,5,240,SCN4A:p.N1366S,SCN4A,GOF,0.2,0.3785488958990536,0.5283333333333334,SCN5A:p.N1541D;SCN5A:p.S1218I;SCN1A:p.N985I;SCN5A:p.N406S;SCN9A:p.N395K,SCN5A;SCN5A;SCN1A;SCN5A;SCN9A,LOF;LOF;LOF;LOF;GOF
wt_mut_site,5,241,SCN1A:p.R1575C,SCN1A,GOF,0.6,0.43902439024390244,1.3666666666666667,SCN10A:p.Y158D;SCN5A:p.R965C;SCN8A:p.R1872W;SCN5A:p.R458C;SCN5A:p.R1898C,SCN10A;SCN5A;SCN8A;SCN5A;SCN5A,GOF;LOF;GOF;GOF;LOF
wt_mut_site,5,242,SCN2A:p.I1571T,SCN2A,GOF,0.6,0.379746835443038,1.5799999999999998,SCN11A:p.I381T;SCN10A:p.L867F;SCN8A:p.G822R;SCN8A:p.A1491V;SCN10A:p.Y158D,SCN11A;SCN10A;SCN8A;SCN8A;SCN10A,GOF;LOF;LOF;GOF;GOF
wt_mut_site,5,243,SCN10A:p.V1518I,SCN10A,LOF,0.6,0.6114457831325302,0.9812807881773398,SCN1A:p.V1611F;SCN5A:p.L136P;SCN5A:p.G752R;SCN5A:p.V1667I;SCN4A:p.M203K,SCN1A;SCN5A;SCN5A;SCN5A;SCN4A,GOF;LOF;LOF;GOF;LOF
wt_mut_site,5,244,SCN1A:p.E1587K,SCN1A,LOF,0.8,0.5609756097560976,1.4260869565217391,SCN5A:p.E1574K;SCN5A:p.D1595N;SCN5A:p.D785N;SCN5A:p.N1541D;SCN4A:p.N1366S,SCN5A;SCN5A;SCN5A;SCN5A;SCN4A,LOF;LOF;LOF;LOF;GOF
wt_mut_site,5,245,SCN5A:p.E1574K,SCN5A,LOF,0.4,0.4869109947643979,0.821505376344086,SCN1A:p.E1587K;SCN4A:p.N1366S;SCN4A:p.N440K;SCN9A:p.N395K;SCN1A:p.R859C,SCN1A;SCN4A;SCN4A;SCN9A;SCN1A,LOF;GOF;GOF;GOF;LOF
wt_mut_site,5,246,SCN1A:p.R1596C,SCN1A,LOF,1.0,0.5609756097560976,1.7826086956521738,SCN5A:p.R1583C;SCN5A:p.G1262S;SCN5A:p.R1644C;SCN8A:p.R1638C;SCN5A:p.R965C,SCN5A;SCN5A;SCN5A;SCN8A;SCN5A,LOF;LOF;LOF;LOF;LOF
wt_mut_site,5,247,SCN5A:p.R1583C,SCN5A,LOF,1.0,0.4869109947643979,2.053763440860215,SCN1A:p.R1596C;SCN1A:p.G177A;SCN1A:p.G177E;SCN1A:p.R1657C;SCN8A:p.R1638C,SCN1A;SCN1A;SCN1A;SCN1A;SCN8A,LOF;LOF;LOF;LOF;LOF
wt_mut_site,5,248,SCN2A:p.Y1589C,SCN2A,GOF,0.0,0.379746835443038,0.0,SCN5A:p.Y1449C;SCN1A:p.F1831S;SCN1A:p.F1765L;SCN5A:p.L1825P;SCN5A:p.R1897W,SCN5A;SCN1A;SCN1A;SCN5A;SCN5A,LOF;LOF;LOF;LOF;LOF
wt_mut_site,5,249,SCN2A:p.F1597L,SCN2A,GOF,0.8,0.379746835443038,2.1066666666666665,SCN1A:p.F1765L;SCN4A:p.F1298C;SCN5A:p.F1473C;SCN5A:p.F1473S;SCN9A:p.F216S,SCN1A;SCN4A;SCN5A;SCN5A;SCN9A,LOF;GOF;GOF;GOF;GOF
wt_mut_site,5,250,SCN5A:p.D1595N,SCN5A,LOF,0.8,0.4869109947643979,1.643010752688172,SCN1A:p.E1587K;SCN4A:p.N1366S;SCN1A:p.R859C;SCN1A:p.N985I;SCN1A:p.R859H,SCN1A;SCN4A;SCN1A;SCN1A;SCN1A,LOF;GOF;LOF;LOF;LOF
wt_mut_site,5,251,SCN1A:p.V1611F,SCN1A,GOF,0.8,0.43902439024390244,1.8222222222222224,SCN10A:p.V1518I;SCN4A:p.I141V;SCN9A:p.I136V;SCN5A:p.I1768V;SCN2A:p.F1597L,SCN10A;SCN4A;SCN9A;SCN5A;SCN2A,LOF;GOF;GOF;GOF;GOF
wt_mut_site,5,252,SCN5A:p.S1609L,SCN5A,GOF,1.0,0.5130890052356021,1.9489795918367347,SCN8A:p.R1872L;SCN8A:p.R1872W;SCN2A:p.R1882Q;SCN2A:p.R1882G;SCN8A:p.R1872Q,SCN8A;SCN8A;SCN2A;SCN2A;SCN8A,GOF;GOF;GOF;GOF;GOF
wt_mut_site,5,253,SCN1A:p.L1624P,SCN1A,GOF,1.0,0.43902439024390244,2.2777777777777777,SCN8A:p.R1872W;SCN5A:p.E1295K;SCN2A:p.R1882Q;SCN2A:p.R1882G;SCN8A:p.R1872Q,SCN8A;SCN5A;SCN2A;SCN2A;SCN8A,GOF;GOF;GOF;GOF;GOF
wt_mut_site,5,254,SCN4A:p.V1442E,SCN4A,LOF,0.4,0.6214511041009464,0.6436548223350254,SCN2A:p.V208E;SCN5A:p.A1294G;SCN5A:p.E1295K;SCN2A:p.M1879T;SCN5A:p.V1378M,SCN2A;SCN5A;SCN5A;SCN2A;SCN5A,GOF;LOF;GOF;GOF;LOF
wt_mut_site,5,255,SCN1A:p.P1632S,SCN1A,LOF,0.6,0.5609756097560976,1.0695652173913042,SCN2A:p.P1622S;SCN5A:p.P1506S;SCN5A:p.E1295K;SCN5A:p.A1294G;SCN5A:p.R18W,SCN2A;SCN5A;SCN5A;SCN5A;SCN5A,LOF;LOF;GOF;LOF;GOF
wt_mut_site,5,256,SCN2A:p.P1622S,SCN2A,LOF,0.6,0.620253164556962,0.9673469387755103,SCN1A:p.P1632S;SCN5A:p.P1506S;SCN5A:p.E1295K;SCN5A:p.A1294G;SCN5A:p.R18W,SCN1A;SCN5A;SCN5A;SCN5A;SCN5A,LOF;LOF;GOF;LOF;GOF
wt_mut_site,5,257,SCN2A:p.T1623N,SCN2A,GOF,0.4,0.379746835443038,1.0533333333333332,SCN5A:p.T1620M;SCN9A:p.S211P;SCN4A:p.V1442E;SCN3A:p.R1621G;SCN1A:p.P1632S,SCN5A;SCN9A;SCN4A;SCN3A;SCN1A,LOF;GOF;LOF;GOF;LOF
wt_mut_site,5,258,SCN5A:p.T1620M,SCN5A,LOF,0.2,0.4869109947643979,0.410752688172043,SCN2A:p.T1623N;SCN9A:p.S211P;SCN3A:p.R1621G;SCN4A:p.V1442E;SCN8A:p.R1617Q,SCN2A;SCN9A;SCN3A;SCN4A;SCN8A,GOF;GOF;GOF;LOF;GOF
wt_mut_site,5,259,SCN3A:p.R1621G,SCN3A,GOF,0.4,0.38095238095238093,1.05,SCN8A:p.R1617Q;SCN5A:p.R1623Q;SCN5A:p.R808C;SCN10A:p.R756W;SCN1A:p.R859H,SCN8A;SCN5A;SCN5A;SCN10A;SCN1A,GOF;GOF;LOF;LOF;LOF
wt_mut_site,5,260,SCN3A:p.R1621Q,SCN3A,GOF,0.4,0.38095238095238093,1.05,SCN8A:p.R1617Q;SCN5A:p.R1623Q;SCN5A:p.R808C;SCN1A:p.R859H;SCN10A:p.R756W,SCN8A;SCN5A;SCN5A;SCN1A;SCN10A,GOF;GOF;LOF;LOF;LOF
wt_mut_site,5,261,SCN5A:p.R1623Q,SCN5A,GOF,0.6,0.5130890052356021,1.1693877551020408,SCN8A:p.R1617Q;SCN3A:p.R1621Q;SCN3A:p.R1621G;SCN10A:p.R756W;SCN1A:p.R859H,SCN8A;SCN3A;SCN3A;SCN10A;SCN1A,GOF;GOF;GOF;LOF;LOF
wt_mut_site,5,262,SCN8A:p.R1617Q,SCN8A,GOF,0.6,0.3803680981595092,1.5774193548387094,SCN3A:p.R1621Q;SCN5A:p.R1623Q;SCN3A:p.R1621G;SCN5A:p.R808C;SCN10A:p.R756W,SCN3A;SCN5A;SCN3A;SCN5A;SCN10A,GOF;GOF;GOF;LOF;LOF
wt_mut_site,5,263,SCN4A:p.R1451C,SCN4A,LOF,0.8,0.6214511041009464,1.2873096446700507,SCN5A:p.R1626P;SCN8A:p.R1620L;SCN5A:p.R811H;SCN5A:p.R1632C;SCN5A:p.R1629Q,SCN5A;SCN8A;SCN5A;SCN5A;SCN5A,GOF;LOF;LOF;LOF;LOF
wt_mut_site,5,264,SCN5A:p.R1626P,SCN5A,GOF,0.0,0.5130890052356021,0.0,SCN4A:p.R1451C;SCN8A:p.R1620L;SCN4A:p.R1451L;SCN4A:p.R672G;SCN4A:p.R672H,SCN4A;SCN8A;SCN4A;SCN4A;SCN4A,LOF;LOF;LOF;LOF;LOF
wt_mut_site,5,265,SCN4A:p.R1451L,SCN4A,LOF,0.6,0.6214511041009464,0.965482233502538,SCN8A:p.R1620L;SCN5A:p.R1626P;SCN5A:p.R811H;SCN5A:p.R1629Q;SCN1A:p.R865G,SCN8A;SCN5A;SCN5A;SCN5A;SCN1A,LOF;GOF;LOF;LOF;GOF
wt_mut_site,5,266,SCN8A:p.R1620L,SCN8A,LOF,0.8,0.6196319018404908,1.2910891089108911,SCN4A:p.R1451L;SCN5A:p.R1626P;SCN4A:p.R1451C;SCN4A:p.R672H;SCN4A:p.R672G,SCN4A;SCN5A;SCN4A;SCN4A;SCN4A,LOF;GOF;LOF;LOF;LOF
wt_mut_site,5,267,SCN8A:p.A1622D,SCN8A,GOF,0.6,0.3803680981595092,1.5774193548387094,SCN5A:p.G1631D;SCN9A:p.F216S;SCN1A:p.I227S;SCN11A:p.L1158P;SCN5A:p.L812Q,SCN5A;SCN9A;SCN1A;SCN11A;SCN5A,GOF;GOF;LOF;GOF;LOF
wt_mut_site,5,268,SCN5A:p.R1629Q,SCN5A,LOF,1.0,0.4869109947643979,2.053763440860215,SCN4A:p.R1454W;SCN4A:p.R1457H;SCN4A:p.R1451L;SCN4A:p.R672H;SCN8A:p.R1620L,SCN4A;SCN4A;SCN4A;SCN4A;SCN8A,LOF;LOF;LOF;LOF;LOF
wt_mut_site,5,269,SCN4A:p.R1454W,SCN4A,LOF,0.6,0.6214511041009464,0.965482233502538,SCN5A:p.R1629Q;SCN5A:p.R1632C;SCN5A:p.R1626P;SCN5A:p.R811H;SCN1A:p.R865G,SCN5A;SCN5A;SCN5A;SCN5A;SCN1A,LOF;LOF;GOF;LOF;GOF
wt_mut_site,5,270,SCN5A:p.G1631D,SCN5A,GOF,0.6,0.5130890052356021,1.1693877551020408,SCN8A:p.A1622D;SCN9A:p.F216S;SCN11A:p.L1158P;SCN1A:p.I227S;SCN1A:p.G1674R,SCN8A;SCN9A;SCN11A;SCN1A;SCN1A,GOF;GOF;GOF;LOF;LOF
wt_mut_site,5,271,SCN5A:p.R1632C,SCN5A,LOF,0.8,0.4869109947643979,1.643010752688172,SCN4A:p.R1457H;SCN4A:p.R1454W;SCN1A:p.R865G;SCN4A:p.R225W;SCN4A:p.R1451C,SCN4A;SCN4A;SCN1A;SCN4A;SCN4A,LOF;LOF;GOF;LOF;LOF
wt_mut_site,5,272,SCN4A:p.R1457H,SCN4A,LOF,0.6,0.6214511041009464,0.965482233502538,SCN5A:p.R1632C;SCN1A:p.R865G;SCN5A:p.R1629Q;SCN5A:p.R811H;SCN5A:p.R225P,SCN5A;SCN1A;SCN5A;SCN5A;SCN5A,LOF;GOF;LOF;LOF;GOF
wt_mut_site,5,273,SCN10A:p.R1588Q,SCN10A,LOF,0.6,0.6114457831325302,0.9812807881773398,SCN5A:p.R1644C;SCN1A:p.R1657C;SCN5A:p.R1644H;SCN8A:p.R1638C;SCN8A:p.R1872Q,SCN5A;SCN1A;SCN5A;SCN8A;SCN8A,LOF;LOF;GOF;LOF;GOF
wt_mut_site,5,274,SCN5A:p.G1642E,SCN5A,LOF,0.2,0.4869109947643979,0.410752688172043,SCN1A:p.T875M;SCN2A:p.T236S;SCN11A:p.G699R;SCN2A:p.T1623N;SCN3A:p.F1646C,SCN1A;SCN2A;SCN11A;SCN2A;SCN3A,LOF;GOF;GOF;GOF;GOF
wt_mut_site,5,275,SCN1A:p.I1656M,SCN1A,LOF,0.6,0.5609756097560976,1.0695652173913042,SCN3A:p.I875T;SCN2A:p.L1330F;SCN9A:p.I234T;SCN3A:p.L247P;SCN5A:p.L839P,SCN3A;SCN2A;SCN9A;SCN3A;SCN5A,GOF;LOF;GOF;LOF;LOF
wt_mut_site,5,276,SCN1A:p.R1657C,SCN1A,LOF,0.6,0.5609756097560976,1.0695652173913042,SCN8A:p.R1638C;SCN5A:p.R1644C;SCN5A:p.R1644H;SCN10A:p.R1588Q;SCN3A:p.F1646C,SCN8A;SCN5A;SCN5A;SCN10A;SCN3A,LOF;LOF;GOF;LOF;GOF
wt_mut_site,5,277,SCN5A:p.R1644C,SCN5A,LOF,0.6,0.4869109947643979,1.232258064516129,SCN8A:p.R1638C;SCN1A:p.R1657C;SCN10A:p.R1588Q;SCN3A:p.F1646C;SCN4A:p.F1473S,SCN8A;SCN1A;SCN10A;SCN3A;SCN4A,LOF;LOF;LOF;GOF;GOF
wt_mut_site,5,278,SCN8A:p.R1638C,SCN8A,LOF,0.6,0.6196319018404908,0.9683168316831683,SCN1A:p.R1657C;SCN5A:p.R1644C;SCN5A:p.R1644H;SCN10A:p.R1588Q;SCN3A:p.F1646C,SCN1A;SCN5A;SCN5A;SCN10A;SCN3A,LOF;LOF;GOF;LOF;GOF
wt_mut_site,5,279,SCN5A:p.R1644H,SCN5A,GOF,0.4,0.5130890052356021,0.7795918367346939,SCN1A:p.R1657C;SCN8A:p.R1638C;SCN10A:p.R1588Q;SCN4A:p.F1473S;SCN3A:p.F1646C,SCN1A;SCN8A;SCN10A;SCN4A;SCN3A,LOF;LOF;LOF;GOF;GOF
wt_mut_site,5,280,SCN3A:p.F1646C,SCN3A,GOF,0.6,0.38095238095238093,1.575,SCN1A:p.F1661L;SCN4A:p.F1473S;SCN5A:p.N1325S;SCN5A:p.R1644C;SCN5A:p.R1898C,SCN1A;SCN4A;SCN5A;SCN5A;SCN5A,GOF;GOF;GOF;LOF;LOF
wt_mut_site,5,281,SCN1A:p.F1661L,SCN1A,GOF,1.0,0.43902439024390244,2.2777777777777777,SCN3A:p.F1646C;SCN4A:p.F1473S;SCN5A:p.N1325S;SCN5A:p.S1609L;SCN8A:p.R1872L,SCN3A;SCN4A;SCN5A;SCN5A;SCN8A,GOF;GOF;GOF;GOF;GOF
wt_mut_site,5,282,SCN4A:p.F1473S,SCN4A,GOF,0.8,0.3785488958990536,2.1133333333333337,SCN3A:p.F1646C;SCN1A:p.F1661L;SCN5A:p.N1325S;SCN5A:p.F93S;SCN11A:p.G699R,SCN3A;SCN1A;SCN5A;SCN5A;SCN11A,GOF;GOF;GOF;LOF;GOF
wt_mut_site,5,283,SCN1A:p.M1664K,SCN1A,LOF,0.2,0.5609756097560976,0.3565217391304348,SCN5A:p.V1328M;SCN5A:p.M1652R;SCN3A:p.F1646C;SCN4A:p.F1473S;SCN4A:p.V1442E,SCN5A;SCN5A;SCN3A;SCN4A;SCN4A,GOF;GOF;GOF;GOF;LOF
wt_mut_site,5,284,SCN5A:p.M1652R,SCN5A,GOF,0.8,0.5130890052356021,1.5591836734693878,SCN1A:p.M1664K;SCN3A:p.F1646C;SCN1A:p.F1661L;SCN4A:p.F1473S;SCN11A:p.G699R,SCN1A;SCN3A;SCN1A;SCN4A;SCN11A,LOF;GOF;GOF;GOF;GOF
wt_mut_site,5,285,SCN2A:p.P1658S,SCN2A,LOF,0.0,0.620253164556962,0.0,SCN4A:p.P1158L;SCN3A:p.P1333L;SCN5A:p.P1332L;SCN11A:p.G699R;SCN4A:p.F1473S,SCN4A;SCN3A;SCN5A;SCN11A;SCN4A,GOF;GOF;GOF;GOF;GOF
wt_mut_site,5,286,SCN5A:p.A1656D,SCN5A,GOF,0.8,0.5130890052356021,1.5591836734693878,SCN2A:p.S1336Y;SCN2A:p.P1658S;SCN4A:p.A1156T;SCN4A:p.P1158L;SCN3A:p.P1333L,SCN2A;SCN2A;SCN4A;SCN4A;SCN3A,GOF;LOF;GOF;GOF;GOF
wt_mut_site,5,287,SCN5A:p.I1660V,SCN5A,LOF,0.4,0.4869109947643979,0.821505376344086,SCN8A:p.I1327V;SCN9A:p.V872G;SCN1A:p.V1353L;SCN11A:p.V1184A;SCN3A:p.L247P,SCN8A;SCN9A;SCN1A;SCN11A;SCN3A,GOF;GOF;LOF;GOF;LOF
wt_mut_site,5,288,SCN1A:p.G1674R,SCN1A,LOF,0.4,0.5609756097560976,0.7130434782608696,SCN5A:p.G1661R;SCN4A:p.T704M;SCN8A:p.L1331V;SCN5A:p.L839P;SCN3A:p.I875T,SCN5A;SCN4A;SCN8A;SCN5A;SCN3A,LOF;GOF;GOF;LOF;GOF
wt_mut_site,5,289,SCN5A:p.G1661R,SCN5A,LOF,0.2,0.4869109947643979,0.410752688172043,SCN1A:p.G1674R;SCN4A:p.T704M;SCN8A:p.L1331V;SCN3A:p.I875T;SCN9A:p.V872G,SCN1A;SCN4A;SCN8A;SCN3A;SCN9A,LOF;GOF;GOF;GOF;GOF
wt_mut_site,5,290,SCN5A:p.V1667I,SCN5A,GOF,0.4,0.5130890052356021,0.7795918367346939,SCN9A:p.V872G;SCN1A:p.V1353L;SCN11A:p.V1184A;SCN1A:p.F902C;SCN1A:p.S259R,SCN9A;SCN1A;SCN11A;SCN1A;SCN1A,GOF;LOF;GOF;LOF;LOF
wt_mut_site,5,291,SCN3A:p.Y1669C,SCN3A,LOF,1.0,0.6190476190476191,1.6153846153846154,SCN5A:p.F851L;SCN5A:p.W1345C;SCN1A:p.F902C;SCN5A:p.Y1449C;SCN1A:p.F1765L,SCN5A;SCN5A;SCN1A;SCN5A;SCN1A,LOF;LOF;LOF;LOF;LOF
wt_mut_site,5,292,SCN1A:p.A1685D,SCN1A,LOF,0.4,0.5609756097560976,0.7130434782608696,SCN5A:p.S1672Y;SCN2A:p.A263V;SCN5A:p.A1330P;SCN8A:p.G269R;SCN5A:p.A1330T,SCN5A;SCN2A;SCN5A;SCN8A;SCN5A,LOF;GOF;GOF;LOF;GOF
wt_mut_site,5,293,SCN1A:p.A1685V,SCN1A,LOF,0.2,0.5609756097560976,0.3565217391304348,SCN5A:p.S1672Y;SCN2A:p.A263V;SCN5A:p.A1330P;SCN5A:p.A1330T;SCN4A:p.A1156T,SCN5A;SCN2A;SCN5A;SCN5A;SCN4A,LOF;GOF;GOF;GOF;GOF
wt_mut_site,5,294,SCN5A:p.S1672Y,SCN5A,LOF,0.8,0.4869109947643979,1.643010752688172,SCN1A:p.A1685D;SCN1A:p.A1685V;SCN2A:p.A263V;SCN8A:p.G269R;SCN1A:p.S259R,SCN1A;SCN1A;SCN2A;SCN8A;SCN1A,LOF;LOF;GOF;LOF;LOF
wt_mut_site,5,295,SCN10A:p.D1639N,SCN10A,LOF,0.6,0.6114457831325302,0.9812807881773398,SCN5A:p.D1690N;SCN2A:p.K908E;SCN9A:p.D623N;SCN2A:p.D12N;SCN5A:p.D84N,SCN5A;SCN2A;SCN9A;SCN2A;SCN5A,LOF;GOF;GOF;LOF;LOF
wt_mut_site,5,296,SCN5A:p.D1690N,SCN5A,LOF,0.6,0.4869109947643979,1.232258064516129,SCN10A:p.D1639N;SCN9A:p.D623N;SCN2A:p.D12N;SCN2A:p.D82G;SCN8A:p.R1872W,SCN10A;SCN9A;SCN2A;SCN2A;SCN8A,LOF;GOF;LOF;LOF;GOF
wt_mut_site,5,297,SCN1A:p.T1709I,SCN1A,LOF,0.4,0.5609756097560976,0.7130434782608696,SCN10A:p.D1639N;SCN5A:p.N1380K;SCN3A:p.T1486I;SCN4A:p.T1313M;SCN4A:p.T1313A,SCN10A;SCN5A;SCN3A;SCN4A;SCN4A,LOF;LOF;GOF;GOF;GOF
wt_mut_site,5,298,SCN5A:p.T1709M,SCN5A,LOF,0.8,0.4869109947643979,1.643010752688172,SCN2A:p.T1420M;SCN10A:p.G1662S;SCN1A:p.T1709I;SCN1A:p.M956T;SCN2A:p.R937C,SCN2A;SCN10A;SCN1A;SCN1A;SCN2A,LOF;GOF;LOF;LOF;LOF
wt_mut_site,5,299,SCN5A:p.G1712C,SCN5A,LOF,0.6,0.4869109947643979,1.232258064516129,SCN10A:p.G1662S;SCN1A:p.H939Q;SCN8A:p.N374K;SCN1A:p.G1421W;SCN1A:p.T1709I,SCN10A;SCN1A;SCN8A;SCN1A;SCN1A,GOF;LOF;GOF;LOF;LOF
wt_mut_site,5,300,SCN10A:p.G1662S,SCN10A,GOF,0.0,0.3885542168674699,0.0,SCN5A:p.G1712C;SCN5A:p.G1420R;SCN5A:p.G1420V;SCN5A:p.D1714G;SCN1A:p.H939Q,SCN5A;SCN5A;SCN5A;SCN5A;SCN1A,LOF;LOF;LOF;LOF;LOF
wt_mut_site,5,301,SCN5A:p.D1714G,SCN5A,LOF,0.2,0.4869109947643979,0.410752688172043,SCN8A:p.N374K;SCN2A:p.K908E;SCN2A:p.D82G;SCN10A:p.R814H;SCN2A:p.R1882G,SCN8A;SCN2A;SCN2A;SCN10A;SCN2A,GOF;GOF;LOF;GOF;GOF
wt_mut_site,5,302,SCN5A:p.N1722D,SCN5A,LOF,0.2,0.4869109947643979,0.410752688172043,SCN8A:p.R1872W;SCN1A:p.E78D;SCN2A:p.K908E;SCN9A:p.Q10R;SCN11A:p.N816K,SCN8A;SCN1A;SCN2A;SCN9A;SCN11A,GOF;LOF;GOF;GOF;GOF
wt_mut_site,5,303,SCN5A:p.P1730H,SCN5A,LOF,0.6,0.4869109947643979,1.232258064516129,SCN1A:p.G1749E;SCN9A:p.Q10R;SCN2A:p.D12N;SCN1A:p.E78D;SCN8A:p.R1872W,SCN1A;SCN9A;SCN2A;SCN1A;SCN8A,LOF;GOF;LOF;LOF;GOF
wt_mut_site,5,304,SCN1A:p.G1749E,SCN1A,LOF,0.4,0.5609756097560976,0.7130434782608696,SCN2A:p.D12N;SCN9A:p.Q10R;SCN5A:p.R18W;SCN5A:p.P1730H;SCN5A:p.P2006A,SCN2A;SCN9A;SCN5A;SCN5A;SCN5A,LOF;GOF;GOF;LOF;GOF
wt_mut_site,5,305,SCN5A:p.G1740R,SCN5A,LOF,0.6,0.4869109947643979,1.232258064516129,SCN1A:p.G1749E;SCN9A:p.Q10R;SCN2A:p.D12N;SCN2A:p.D82G;SCN8A:p.R1872W,SCN1A;SCN9A;SCN2A;SCN2A;SCN8A,LOF;GOF;LOF;LOF;GOF
wt_mut_site,5,306,SCN5A:p.G1743R,SCN5A,LOF,0.6,0.4869109947643979,1.232258064516129,SCN1A:p.G1749E;SCN9A:p.Q10R;SCN2A:p.D12N;SCN8A:p.R1872W;SCN2A:p.D82G,SCN1A;SCN9A;SCN2A;SCN8A;SCN2A,LOF;GOF;LOF;GOF;LOF
wt_mut_site,5,307,SCN5A:p.G1748D,SCN5A,LOF,0.6,0.4869109947643979,1.232258064516129,SCN10A:p.L867F;SCN1A:p.G1421W;SCN1A:p.C959R;SCN8A:p.R1872W;SCN8A:p.R1872Q,SCN10A;SCN1A;SCN1A;SCN8A;SCN8A,LOF;LOF;LOF;GOF;GOF
wt_mut_site,5,308,SCN1A:p.F1765L,SCN1A,LOF,0.2,0.5609756097560976,0.3565217391304348,SCN5A:p.Y1449C;SCN4A:p.F1298C;SCN2A:p.F1597L;SCN5A:p.F1473C;SCN5A:p.F1473S,SCN5A;SCN4A;SCN2A;SCN5A;SCN5A,LOF;GOF;GOF;GOF;GOF
wt_mut_site,5,309,SCN10A:p.I1706V,SCN10A,GOF,1.0,0.3885542168674699,2.5736434108527133,SCN11A:p.I381T;SCN5A:p.I1762A;SCN1A:p.F1774S;SCN5A:p.V1764M;SCN5A:p.I1768V,SCN11A;SCN5A;SCN1A;SCN5A;SCN5A,GOF;GOF;GOF;GOF;GOF
wt_mut_site,5,310,SCN1A:p.F1774S,SCN1A,GOF,0.4,0.43902439024390244,0.9111111111111112,SCN5A:p.N927S;SCN10A:p.I1706V;SCN5A:p.Y1767C;SCN5A:p.L928P;SCN8A:p.V1758A,SCN5A;SCN10A;SCN5A;SCN5A;SCN8A,LOF;GOF;GOF;LOF;LOF
wt_mut_site,5,311,SCN5A:p.I1762A,SCN5A,GOF,0.8,0.5130890052356021,1.5591836734693878,SCN3A:p.V1769A;SCN1A:p.V983A;SCN10A:p.I1706V;SCN8A:p.M1760I;SCN3A:p.M1765I,SCN3A;SCN1A;SCN10A;SCN8A;SCN3A,GOF;LOF;GOF;GOF;GOF
wt_mut_site,5,312,SCN5A:p.V1763M,SCN5A,GOF,0.2,0.5130890052356021,0.38979591836734695,SCN1A:p.V983A;SCN10A:p.L388M;SCN8A:p.V1758A;SCN3A:p.V1769A;SCN1A:p.I1656M,SCN1A;SCN10A;SCN8A;SCN3A;SCN1A,LOF;LOF;LOF;GOF;LOF
wt_mut_site,5,313,SCN8A:p.V1758A,SCN8A,LOF,0.2,0.6196319018404908,0.3227722772277228,SCN5A:p.V1764M;SCN3A:p.V1769A;SCN5A:p.V1763M;SCN1A:p.V983A;SCN5A:p.I1762A,SCN5A;SCN3A;SCN5A;SCN1A;SCN5A,GOF;GOF;GOF;LOF;GOF
wt_mut_site,5,314,SCN5A:p.V1764M,SCN5A,GOF,0.6,0.5130890052356021,1.1693877551020408,SCN8A:p.V1758A;SCN3A:p.V1769A;SCN1A:p.V983A;SCN8A:p.M1760I;SCN3A:p.M1765I,SCN8A;SCN3A;SCN1A;SCN8A;SCN3A,LOF;GOF;LOF;GOF;GOF
wt_mut_site,5,315,SCN3A:p.M1765I,SCN3A,GOF,0.8,0.38095238095238093,2.1,SCN8A:p.M1760I;SCN4A:p.L796V;SCN1A:p.L986F;SCN5A:p.Y1767C;SCN5A:p.I1762A,SCN8A;SCN4A;SCN1A;SCN5A;SCN5A,GOF;GOF;LOF;GOF;GOF
wt_mut_site,5,316,SCN8A:p.M1760I,SCN8A,GOF,0.8,0.3803680981595092,2.1032258064516127,SCN3A:p.M1765I;SCN1A:p.L986F;SCN4A:p.L796V;SCN5A:p.Y1767C;SCN5A:p.I1762A,SCN3A;SCN1A;SCN4A;SCN5A;SCN5A,GOF;LOF;GOF;GOF;GOF
wt_mut_site,5,317,SCN5A:p.Y1767C,SCN5A,GOF,0.8,0.5130890052356021,1.5591836734693878,SCN8A:p.M1760I;SCN3A:p.M1765I;SCN4A:p.F1298C;SCN1A:p.Y426N;SCN1A:p.F1774S,SCN8A;SCN3A;SCN4A;SCN1A;SCN1A,GOF;GOF;GOF;LOF;GOF
wt_mut_site,5,318,SCN5A:p.I1768V,SCN5A,GOF,1.0,0.5130890052356021,1.9489795918367347,SCN3A:p.V1769A;SCN2A:p.I1473M;SCN4A:p.I141V;SCN9A:p.I136V;SCN4A:p.L796V,SCN3A;SCN2A;SCN4A;SCN9A;SCN4A,GOF;GOF;GOF;GOF;GOF
wt_mut_site,5,319,SCN2A:p.A1773T,SCN2A,LOF,0.2,0.620253164556962,0.32244897959183677,SCN3A:p.V1769A;SCN5A:p.A735T;SCN9A:p.V400M;SCN4A:p.V445M;SCN5A:p.V411M,SCN3A;SCN5A;SCN9A;SCN4A;SCN5A,GOF;LOF;GOF;GOF;GOF
wt_mut_site,5,320,SCN3A:p.V1769A,SCN3A,GOF,1.0,0.38095238095238093,2.625,SCN4A:p.V1293I;SCN9A:p.V400M;SCN5A:p.V411M;SCN4A:p.V445M;SCN2A:p.V423L,SCN4A;SCN9A;SCN5A;SCN4A;SCN2A,GOF;GOF;GOF;GOF;GOF
wt_mut_site,5,321,SCN5A:p.N1774D,SCN5A,GOF,0.8,0.5130890052356021,1.5591836734693878,SCN8A:p.N1768D;SCN4A:p.N1297S;SCN4A:p.N1297K;SCN11A:p.N816K;SCN1A:p.N985I,SCN8A;SCN4A;SCN4A;SCN11A;SCN1A,GOF;GOF;GOF;GOF;LOF
wt_mut_site,5,322,SCN8A:p.N1768D,SCN8A,GOF,1.0,0.3803680981595092,2.629032258064516,SCN5A:p.N1774D;SCN4A:p.N1297S;SCN4A:p.N1297K;SCN5A:p.S941N;SCN5A:p.N1325S,SCN5A;SCN4A;SCN4A;SCN5A;SCN5A,GOF;GOF;GOF;GOF;GOF
wt_mut_site,5,323,SCN5A:p.S1787N,SCN5A,GOF,0.8,0.5130890052356021,1.5591836734693878,SCN8A:p.R1872W;SCN2A:p.D12N;SCN2A:p.R1882Q;SCN8A:p.R1872Q;SCN8A:p.R1872L,SCN8A;SCN2A;SCN2A;SCN8A;SCN8A,GOF;LOF;GOF;GOF;GOF
wt_mut_site,5,324,SCN5A:p.Y1795C,SCN5A,GOF,1.0,0.5130890052356021,1.9489795918367347,SCN8A:p.R1872W;SCN2A:p.R1882Q;SCN8A:p.R1872Q;SCN2A:p.R1882G;SCN2A:p.M1879T,SCN8A;SCN2A;SCN8A;SCN2A;SCN2A,GOF;GOF;GOF;GOF;GOF
wt_mut_site,5,325,SCN5A:p.Y1795H,SCN5A,LOF,0.0,0.4869109947643979,0.0,SCN8A:p.R1872W;SCN2A:p.R1882Q;SCN8A:p.R1872Q;SCN2A:p.R1882G;SCN2A:p.M1879T,SCN8A;SCN2A;SCN8A;SCN2A;SCN2A,GOF;GOF;GOF;GOF;GOF
wt_mut_site,5,326,SCN2A:p.E1803G,SCN2A,GOF,0.4,0.379746835443038,1.0533333333333332,SCN5A:p.Y1795C;SCN5A:p.Y1795H;SCN8A:p.R1872W;SCN5A:p.E746K;SCN5A:p.R1898C,SCN5A;SCN5A;SCN8A;SCN5A;SCN5A,GOF;LOF;GOF;LOF;LOF
wt_mut_site,5,327,SCN4A:p.Q1633E,SCN4A,GOF,0.8,0.3785488958990536,2.1133333333333337,SCN5A:p.Q1832E;SCN8A:p.R1872W;SCN2A:p.R1882Q;SCN8A:p.R1872L;SCN2A:p.M1879T,SCN5A;SCN8A;SCN2A;SCN8A;SCN2A,LOF;GOF;GOF;GOF;GOF
wt_mut_site,5,328,SCN1A:p.F1831S,SCN1A,LOF,0.6,0.5609756097560976,1.0695652173913042,SCN5A:p.L1825P;SCN2A:p.M1879T;SCN5A:p.F1486L;SCN5A:p.V1378M;SCN5A:p.C1850S,SCN5A;SCN2A;SCN5A;SCN5A;SCN5A,LOF;GOF;GOF;LOF;LOF
wt_mut_site,5,329,SCN5A:p.L1825P,SCN5A,LOF,0.2,0.4869109947643979,0.410752688172043,SCN2A:p.M1879T;SCN1A:p.F1499L;SCN8A:p.R1872W;SCN1A:p.F1831S;SCN8A:p.R1872L,SCN2A;SCN1A;SCN8A;SCN1A;SCN8A,GOF;GOF;GOF;LOF;GOF
wt_mut_site,5,330,SCN5A:p.Q1832E,SCN5A,LOF,0.0,0.4869109947643979,0.0,SCN8A:p.R1872W;SCN9A:p.Q10R;SCN2A:p.R1882Q;SCN8A:p.R1872Q;SCN2A:p.R1882G,SCN8A;SCN9A;SCN2A;SCN8A;SCN2A,GOF;GOF;GOF;GOF;GOF
wt_mut_site,5,331,SCN5A:p.C1850S,SCN5A,LOF,0.0,0.4869109947643979,0.0,SCN2A:p.M1879T;SCN8A:p.R1872W;SCN2A:p.R1882Q;SCN8A:p.R1872Q;SCN2A:p.R1882G,SCN2A;SCN8A;SCN2A;SCN8A;SCN2A,GOF;GOF;GOF;GOF;GOF
wt_mut_site,5,332,SCN1A:p.D1866Y,SCN1A,GOF,0.8,0.43902439024390244,1.8222222222222224,SCN8A:p.R1872W;SCN2A:p.D82G;SCN5A:p.R18W;SCN2A:p.R1882Q;SCN8A:p.R1872Q,SCN8A;SCN2A;SCN5A;SCN2A;SCN8A,GOF;LOF;GOF;GOF;GOF
wt_mut_site,5,333,SCN2A:p.M1879T,SCN2A,GOF,0.8,0.379746835443038,2.1066666666666665,SCN8A:p.R1872W;SCN8A:p.R1872Q;SCN8A:p.R1872L;SCN5A:p.R1897W;SCN5A:p.R18W,SCN8A;SCN8A;SCN8A;SCN5A;SCN5A,GOF;GOF;GOF;LOF;GOF
wt_mut_site,5,334,SCN8A:p.R1872L,SCN8A,GOF,0.8,0.3803680981595092,2.1032258064516127,SCN2A:p.R1882Q;SCN2A:p.R1882G;SCN5A:p.R27H;SCN5A:p.R18W;SCN2A:p.M1879T,SCN2A;SCN2A;SCN5A;SCN5A;SCN2A,GOF;GOF;LOF;GOF;GOF
wt_mut_site,5,335,SCN2A:p.R1882G,SCN2A,GOF,0.8,0.379746835443038,2.1066666666666665,SCN8A:p.R1872W;SCN8A:p.R1872Q;SCN8A:p.R1872L;SCN5A:p.R27H;SCN5A:p.R18W,SCN8A;SCN8A;SCN8A;SCN5A;SCN5A,GOF;GOF;GOF;LOF;GOF
wt_mut_site,5,336,SCN2A:p.R1882Q,SCN2A,GOF,0.8,0.379746835443038,2.1066666666666665,SCN8A:p.R1872Q;SCN8A:p.R1872W;SCN8A:p.R1872L;SCN5A:p.R27H;SCN5A:p.R18W,SCN8A;SCN8A;SCN8A;SCN5A;SCN5A,GOF;GOF;GOF;LOF;GOF
wt_mut_site,5,337,SCN8A:p.R1872Q,SCN8A,GOF,0.8,0.3803680981595092,2.1032258064516127,SCN2A:p.R1882Q;SCN2A:p.R1882G;SCN5A:p.R27H;SCN5A:p.R18W;SCN2A:p.M1879T,SCN2A;SCN2A;SCN5A;SCN5A;SCN2A,GOF;GOF;LOF;GOF;GOF
wt_mut_site,5,338,SCN8A:p.R1872W,SCN8A,GOF,0.8,0.3803680981595092,2.1032258064516127,SCN2A:p.R1882Q;SCN2A:p.R1882G;SCN5A:p.R27H;SCN5A:p.R18W;SCN2A:p.M1879T,SCN2A;SCN2A;SCN5A;SCN5A;SCN2A,GOF;GOF;LOF;GOF;GOF
wt_mut_site,5,339,SCN5A:p.R1897W,SCN5A,LOF,0.0,0.4869109947643979,0.0,SCN8A:p.R1872W;SCN2A:p.R1882Q;SCN8A:p.R1872Q;SCN8A:p.R1872L;SCN2A:p.R1882G,SCN8A;SCN2A;SCN8A;SCN8A;SCN2A,GOF;GOF;GOF;GOF;GOF
wt_mut_site,5,340,SCN5A:p.R1898C,SCN5A,LOF,0.0,0.4869109947643979,0.0,SCN8A:p.R1872W;SCN8A:p.R1872L;SCN8A:p.R1872Q;SCN2A:p.R1882Q;SCN2A:p.R1882G,SCN8A;SCN8A;SCN8A;SCN2A;SCN2A,GOF;GOF;GOF;GOF;GOF
wt_mut_site,5,341,SCN1A:p.Q1923R,SCN1A,LOF,0.4,0.5609756097560976,0.7130434782608696,SCN5A:p.R1897W;SCN9A:p.Q10R;SCN5A:p.R1898C;SCN2A:p.R1882Q;SCN8A:p.R1872W,SCN5A;SCN9A;SCN5A;SCN2A;SCN8A,LOF;GOF;LOF;GOF;GOF
wt_mut_site,5,342,SCN1A:p.R1927G,SCN1A,LOF,0.6,0.5609756097560976,1.0695652173913042,SCN5A:p.R1897W;SCN2A:p.R1882G;SCN5A:p.R1898C;SCN8A:p.R1872W;SCN4A:p.R104H,SCN5A;SCN2A;SCN5A;SCN8A;SCN4A,LOF;GOF;LOF;GOF;LOF
wt_mut_site,5,343,SCN1A:p.T1934I,SCN1A,LOF,0.4,0.5609756097560976,0.7130434782608696,SCN5A:p.R18W;SCN8A:p.R1872W;SCN8A:p.R1872L;SCN5A:p.R27H;SCN5A:p.R1897W,SCN5A;SCN8A;SCN8A;SCN5A;SCN5A,GOF;GOF;GOF;LOF;LOF
wt_mut_site,5,344,SCN10A:p.A1886V,SCN10A,GOF,0.8,0.3885542168674699,2.0589147286821707,SCN5A:p.A551T;SCN5A:p.P2006A;SCN5A:p.R569W;SCN5A:p.R458C;SCN5A:p.R18W,SCN5A;SCN5A;SCN5A;SCN5A;SCN5A,LOF;GOF;GOF;GOF;GOF
wt_mut_site,5,345,SCN5A:p.I1968S,SCN5A,LOF,0.2,0.4869109947643979,0.410752688172043,SCN10A:p.L554P;SCN9A:p.Q10R;SCN2A:p.D12N;SCN9A:p.D623N;SCN10A:p.A1886V,SCN10A;SCN9A;SCN2A;SCN9A;SCN10A,GOF;GOF;LOF;GOF;GOF
wt_mut_site,5,346,SCN5A:p.F2004L,SCN5A,LOF,0.2,0.4869109947643979,0.410752688172043,SCN10A:p.L554P;SCN10A:p.A1886V;SCN9A:p.Q10R;SCN2A:p.D12N;SCN8A:p.R1872L,SCN10A;SCN10A;SCN9A;SCN2A;SCN8A,GOF;GOF;GOF;LOF;GOF
wt_mut_site,5,347,SCN5A:p.P2006A,SCN5A,GOF,0.8,0.5130890052356021,1.5591836734693878,SCN9A:p.Q10R;SCN2A:p.D12N;SCN10A:p.L554P;SCN10A:p.A1886V;SCN9A:p.D623N,SCN9A;SCN2A;SCN10A;SCN10A;SCN9A,GOF;LOF;GOF;GOF;GOF
