feature_set,pair_mode,k,group_key,gof_variant,lof_variant,gof_gene,lof_gene,gof_position,lof_position,gof_cid,lof_cid,gof_knn_gof_score,lof_knn_gof_score,pairwise_success
wt_mut_site,same_cid_cross_gene,1,CID_15,SCN9A:p.Q10R,SCN2A:p.D12N,SCN9A,SCN2A,10,12,15,15,1.0,1.0,0.5
wt_mut_site,same_cid_cross_gene,1,CID_235,SCN5A:p.R225P,SCN4A:p.R225W,SCN5A,SCN4A,225,225,235,235,1.0,0.0,1.0
wt_mut_site,same_cid_cross_gene,1,CID_423,SCN8A:p.N374K,SCN5A:p.R376H,SCN8A,SCN5A,374,376,423,423,0.0,0.0,0.5
wt_mut_site,same_cid_cross_gene,1,CID_453,SCN4A:p.N440K,SCN5A:p.N406S,SCN4A,SCN5A,440,406,453,453,1.0,1.0,0.5
wt_mut_site,same_cid_cross_gene,1,CID_453,SCN9A:p.N395K,SCN5A:p.N406S,SCN9A,SCN5A,395,406,453,453,1.0,1.0,0.5
wt_mut_site,same_cid_cross_gene,1,CID_919,SCN3A:p.L855P,SCN5A:p.L812Q,SCN3A,SCN5A,855,812,919,919,0.0,1.0,0.0
wt_mut_site,same_cid_cross_gene,1,CID_1052,SCN4A:p.L796V,SCN1A:p.L986F,SCN4A,SCN1A,796,986,1052,1052,1.0,1.0,0.5
wt_mut_site,same_cid_cross_gene,1,CID_1491,SCN11A:p.V1184A,SCN5A:p.V1340I,SCN11A,SCN5A,1184,1340,1491,1491,0.0,0.0,0.5
wt_mut_site,same_cid_cross_gene,1,CID_1491,SCN11A:p.V1184A,SCN1A:p.V1353L,SCN11A,SCN1A,1184,1353,1491,1491,0.0,0.0,0.5
wt_mut_site,same_cid_cross_gene,1,CID_1639,SCN4A:p.I1310N,SCN1A:p.I1498M,SCN4A,SCN1A,1310,1498,1639,1639,1.0,1.0,0.5
wt_mut_site,same_cid_cross_gene,1,CID_1695,SCN4A:p.N1366S,SCN5A:p.N1541D,SCN4A,SCN5A,1366,1541,1695,1695,0.0,0.0,0.5
wt_mut_site,same_cid_cross_gene,1,CID_1776,SCN2A:p.T1623N,SCN5A:p.T1620M,SCN2A,SCN5A,1623,1620,1776,1776,1.0,1.0,0.5
wt_mut_site,same_cid_cross_gene,1,CID_1782,SCN5A:p.R1626P,SCN4A:p.R1451C,SCN5A,SCN4A,1626,1451,1782,1782,0.0,0.0,0.5
wt_mut_site,same_cid_cross_gene,1,CID_1782,SCN5A:p.R1626P,SCN4A:p.R1451L,SCN5A,SCN4A,1626,1451,1782,1782,0.0,0.0,0.5
wt_mut_site,same_cid_cross_gene,1,CID_1782,SCN5A:p.R1626P,SCN8A:p.R1620L,SCN5A,SCN8A,1626,1620,1782,1782,0.0,0.0,0.5
wt_mut_site,same_cid_cross_gene,1,CID_1800,SCN5A:p.R1644H,SCN1A:p.R1657C,SCN5A,SCN1A,1644,1657,1800,1800,0.0,0.0,0.5
wt_mut_site,same_cid_cross_gene,1,CID_1800,SCN5A:p.R1644H,SCN8A:p.R1638C,SCN5A,SCN8A,1644,1638,1800,1800,0.0,0.0,0.5
wt_mut_site,same_cid_cross_gene,1,CID_1868,SCN10A:p.G1662S,SCN5A:p.G1712C,SCN10A,SCN5A,1662,1712,1868,1868,0.0,0.0,0.5
wt_mut_site,same_cid_cross_gene,1,CID_1921,SCN5A:p.V1764M,SCN8A:p.V1758A,SCN5A,SCN8A,1764,1758,1921,1921,1.0,1.0,0.5
